Workbook

Sheet Config
A1: type | B1: name | C1: value | D1: 설명
A2: boolean | B2: CONFIG_DEBUG | C2: false
A3: real | B3: CONFIG_MAX_X | C3: 10240
A4: real | B4: CONFIG_MIN_X | C4: -10240
A5: real | B5: CONFIG_MAX_Y | C5: 10240
A6: real | B6: CONFIG_MIN_Y | C6: -10240
A7: integer | B7: CONFIG_CLIFF_HEIGHT_DEFAULT | C7: 2
A8: player | B8: CONFIG_PLAYER_ITEM | C8: Player(22) | D8: 아이템 더미유닛 출력 시
A9: player | B9: CONFIG_PLAYER_UNDEAD | C9: Player(20) | D9: 언데드
A10: player | B10: CONFIG_PLAYER_MONSTER | C10: Player(23) | D10: 괴수
A11: player | B11: CONFIG_PLAYER_GUARDIANS | C11: Player(21) | D11: 수호자
A12: player | B12: CONFIG_PLAYER_SYSTEM | C12: Player(24) | D12: 시스템메세지
A13: player | B13: CONFIG_PLAYER_NPC | C13: Player(PLAYER_NEUTRAL_PASSIVE) | D13: NPC
A14: integer | B14: CONFIG_PLAYER_MAX | C14: 4
A15: real | B15: CONFIG_UNIT_SELECTION_CIRCLE_DEFAULT | C15: 1.25
A16: real | B16: CONFIG_UNIT_ATTACK_RANGE_DEFAULT | C16: 100
A17: real | B17: CONFIG_UNIT_ATTACK_DELAY_DEFAULT | C17: 1.5
A18: integer | B18: CONFIG_ABILITY_SIZE | C18: 10 | D18: 보유 어빌리티 한도
A19: integer | B19: CONFIG_ABILITY_ID_ATTACK_SPEED | C19: 'Axx0' | D19: 공격속도 스킬
A20: integer | B20: CONFIG_ABILITY_ID_FOLLOW | C20: 'Axx1' | D20: 따라가기(채널) 스킬
A21: integer | B21: CONFIG_ABILITY_ID_MOVE | C21: 'Axx2' | D21: 이동하기(채널) 스킬
A22: integer | B22: CONFIG_ABILITY_ID_INTERACT | C22: 'Axx4' | D22: 상호작용(채널) 스킬
A23: integer | B23: CONFIG_ABILITY_ID_CLASS_INTERACTIVE | C23: 'Axx6' | D23: 상호작용 유닛이 가지는 더미스킬
A24: integer | B24: CONFIG_ABILITY_ID_STOP | C24: 'Axx7' | D24: 멈추기(채널) 스킬, 자동공격 방지용으로 만든듯
A25: integer | B25: CONFIG_ABILITY_ID_CLASS_NONUNIT | C25: 'Axx8' | D25: 유닛(wrapper)이 아닌 유닛이 가지는 더미스킬
A26: string | B26: CONFIG_ORDER_STRING_FOLLOW | C26: channel | D26: 따라가기 명령문자열
A27: string | B27: CONFIG_ORDER_STRING_CUSTOM_MOVE | C27: acolyteharvest | D27: 이동하기(채널) 명령문자열
A28: string | B28: CONFIG_ORDER_STRING_INTERACT | C28: absorb | D28: 상호작용하기 명령문자열
A29: string | B29: CONFIG_ORDER_STRING_CUSTOM_STOP | C29: acidbomb | D29: 멈추기 명령문자열
A30: integer | B30: CONFIG_UNIT_INVENTORY_SIZE | C30: 4/*6*/ | D30: 유닛 인벤토리 사이즈(아티팩트 시스템 폐기돼서 안쓰고있음)
A31: integer | B31: CONFIG_FRAME_MAX_LEVEL | C31: 32 | D31: 프레임 뎁스 최대값(똑부러지게 정한 값이 아니고 널널하게 잡음)
A32: integer | B32: CONFIG_FRAME_LEVEL_BASIC | C32: 0 | D32: 기본프레임
A33: integer | B33: CONFIG_FRAME_LEVEL_WINDOW | C33: 1 | D33: 창(단축키, 인벤 등)
A34: integer | B34: CONFIG_FRAME_LEVEL_CASTBAR | C34: 2 | D34: 캐스트바
A35: integer | B35: CONFIG_FRAME_LEVEL_MINIMAP | C35: 3 | D35: 미니맵
A36: integer | B36: CONFIG_FRAME_LEVEL_TOOLTIP | C36: 4 | D36: 툴팁(어빌리티)
A37: integer | B37: CONFIG_FRAME_LEVEL_POPUP | C37: 5 | D37: 팝업
A38: integer | B38: CONFIG_MINIMAP_OFFSET_X | C38: 0
A39: integer | B39: CONFIG_MINIMAP_OFFSET_Y | C39: 16
A40: integer | B40: CONFIG_MINIMAP_SIZE | C40: 240
A41: integer | B41: CONFIG_MINIMAP_INSET | C41: 96

Sheet Enum
A1: type | B1: name | C1: value | D1: description | E1: ?
A2: integer | B2: ENUM_OBJECT_TYPE_UNIT | C2: 1
A3: integer | B3: ENUM_OBJECT_TYPE_INTERACTIVE | C3: 2
A4: integer | B4: ENUM_UNIT_ARMOR_TYPE_WHOKNOWS | C4: 0 | D4: 피격음 없음
A5: integer | B5: ENUM_UNIT_ARMOR_TYPE_FLESH | C5: 1 | D5: 살점
A6: integer | B6: ENUM_UNIT_ARMOR_TYPE_METAL | C6: 2 | D6: 금속
A7: integer | B7: ENUM_UNIT_ARMOR_TYPE_WOOD | C7: 3 | D7: 나무
A8: integer | B8: ENUM_UNIT_ARMOR_TYPE_ETHREAL | C8: 4 | D8: 이더리얼
A9: integer | B9: ENUM_UNIT_ARMOR_TYPE_STONE | C9: 5 | D9: 돌
A10: integer | B10: ENUM_STAT_MAXHP | C10: 0 | D10: 최대체력
A11: integer | B11: ENUM_STAT_MAXMP | C11: 1 | D11: 최대마나
A12: integer | B12: ENUM_STAT_ATTACK | C12: 2 | D12: 공격력
A13: integer | B13: ENUM_STAT_DEFENSE | C13: 3 | D13: 방어력
A14: integer | B14: ENUM_STAT_MAGICPOWER | C14: 4 | D14: 주문력
A15: integer | B15: ENUM_STAT_RESISTANCE | C15: 5 | D15: 저항력
... A27: integer | B27: ENUM_STAT_HEAL_AMP | C27: 17 | D27: 받는회복증폭
A28: integer | B28: ENUM_STAT_RODONG | C28: 18 | D28: 노동력
A29: integer | B29: ENUM_STAT_LOVE | C29: 19 | D29: 매력(애정)
A30: integer | B30: ENUM_STAT_GREED | C30: 20 | D30: 탐욕
A31: integer | B31: ENUM_STAT_INSIGHT | C31: 21 | D31: 통찰
A32: integer | B32: ENUM_STAT_SIZE | C32: 22//E | D32: 배열크기
A33: integer | B33: ENUM_STAT_UNIT_LEVEL | C33: 100 | D33: 유닛의 레벨
A34: integer | B34: ENUM_STAT_SKILL_LEVEL | C34: 101 | D34: 어빌리티 레벨
A35: integer | B35: ENUM_STAT_COOLDOWN | C35: 102 | D35: 재사용 대기시간
A36: integer | B36: ENUM_STAT_SUMMON_DURATION | C36: 102 | D36: 소환시간
A37: integer | B37: ENUM_STAT_CONSTANT | C37: 103 | D37: 상수값 하이라이팅 색상
A38: integer | B38: ENUM_STAT_PHYSICAL | C38: 103 | D38: 물리피해
A39: integer | B39: ENUM_STAT_MAGICAL | C39: 104 | D39: 마법피해
A40: integer | B40: ENUM_STAT_HP | C40: 105 | D40: 체력
A41: integer | B41: ENUM_STAT_MP | C41: 104 | D41: 마나
A42: integer | B42: ENUM_STAT_HP_LOST | C42: 106 | D42: 잃은체력
A43: integer | B43: ENUM_STAT_MP_LOST | C43: 107 | D43: 잃은마나
A44: integer | B44: ENUM_STAT_HP_CURRENT | C44: 105 | D44: 남은체력
A45: integer | B45: ENUM_STAT_MP_CURRENT | C45: 108 | D45: 남은마나
A46: integer | B46: ENUM_STAT_SHIELD | C46: 109 | D46: 보호막
A47: integer | B47: ENUM_STAT_GOLD | C47: 106 | D47: 금 보유량
A48: integer | B48: ENUM_STAT_INDEX_BASE | C48: 0 | D48: 기본값
A49: integer | B49: ENUM_STAT_INDEX_LEVEL | C49: 1 | D49: 레벨당
A50: integer | B50: ENUM_STAT_INDEX_MULTIPLY | C50: 2 | D50: 곱하기값
A51: integer | B51: ENUM_STAT_INDEX_DIVIDE | C51: 3 | D51: 나누기값
A52: integer | B52: ENUM_STAT_INDEX_PLUS | C52: 4 | D52: 더하기값
A53: integer | B53: ENUM_STAT_INDEX_MINUS | C53: 5 | D53: 빼기값
A54: integer | B54: ENUM_STAT_INDEX_SIZE | C54: 6//E | D54: 배열크기
A55: integer | B55: ENUM_STATUS_STUN | C55: 0 | D55: 기절
A56: integer | B56: ENUM_STATUS_ENSNARE | C56: 1 | D56: 속박
A57: integer | B57: ENUM_STATUS_DISARM | C57: 2 | D57: 무장해제
A58: integer | B58: ENUM_STATUS_CAST | C58: 3 | D58: 스킬시전중
A59: integer | B59: ENUM_STATUS_INVINCIBLE | C59: 4 | D59: 무적
A60: integer | B60: ENUM_STATUS_SILENCE | C60: 5 | D60: 침묵
A61: integer | B61: ENUM_STATUS_EVASION | C61: 6 | D61: 회피(외부피해, 충돌연산 제외)
A62: integer | B62: ENUM_STATUS_BLIND | C62: 7 | D62: 실명
A63: integer | B63: ENUM_STATUS_GRABBED | C63: 8 | D63: 붙잡힘
A64: integer | B64: ENUM_STATUS_DEAD | C64: 9 | D64: 사망
A65: integer | B65: ENUM_STATUS_UNSTOP | C65: 10 | D65: 저지불가
A66: integer | B66: ENUM_STATUS_GHOST | C66: 11 | D66: 충돌무시
... A71: integer | B71: ENUM_STATUS_HEAVY | C71: 16 | D71: 중량화(넉백 면역)
A72: integer | B72: ENUM_STATUS_LOCUST | C72: 17 | D72: 로커스트상태
A73: integer | B73: ENUM_STATUS_DUMMY | C73: 18 | D73: 더미유닛 표시(원본 유닛과 모델이 똑같은)
A74: integer | B74: ENUM_STATUS_CHARGE | C74: 19 | D74: 이동기|돌진 사용중
A75: integer | B75: ENUM_STATUS_SIZE | C75: 20//E | D75: 배열크기
A76: integer | B76: ENUM_STATUS_WHOKNOWS | C76: 100
A77: integer | B77: ENUM_DAMAGE_BASIC | C77: 0 | D77: 평타여부
A78: integer | B78: ENUM_DAMAGE_SPELL | C78: 1 | D78: 스킬피해인지
A79: integer | B79: ENUM_DAMAGE_HYBRID | C79: 2 | D79: 평타/스킬 복합여부
A80: integer | B80: ENUM_DAMAGE_ETC | C80: 3 | D80: 평타도 아니고 스킬도 아님(도트뎀, 추가피해 등)
A81: integer | B81: ENUM_DAMAGE_PHYSICAL | C81: 4 | D81: 물리피해
A82: integer | B82: ENUM_DAMAGE_MAGICAL | C82: 5 | D82: 마법피해
A83: integer | B83: ENUM_DAMAGE_TRUE | C83: 6 | D83: 고정피해
A84: integer | B84: ENUM_DAMAGE_SINGLE | C84: 7 | D84: 단일대상
A85: integer | B85: ENUM_DAMAGE_PERIODIC | C85: 8 | D85: 지속피해인지
A86: integer | B86: ENUM_DAMAGE_OUTTER | C86: 9 | D86: 외부피해
A87: integer | B87: ENUM_DAMAGE_INNER | C87: 10 | D87: 내부피해
A88: integer | B88: ENUM_DAMAGE_TARGET | C88: 11 | D88: 타겟팅 데미지인지
... A96: integer | B96: ENUM_DAMAGE_UNDEFINED | C96: 100 | D96: 근거리도 원거리도 아님
A97: integer | B97: ENUM_UNIT_CLASS_UNDEAD | C97: 0 | D97: 언데드
A98: integer | B98: ENUM_UNIT_CLASS_MECHANICAL | C98: 1 | D98: 기계
A99: integer | B99: ENUM_UNIT_CLASS_PLANT | C99: 2 | D99: 식물
A100: integer | B100: ENUM_UNIT_CLASS_ILLUSION | C100: 3 | D100: 환영
A101: integer | B101: ENUM_UNIT_CLASS_GUARDIAN | C101: 4 | D101: 수호자
A102: integer | B102: ENUM_UNIT_CLASS_SUMMON | C102: 5 | D102: 소환물
A103: integer | B103: ENUM_UNIT_CLASS_SERVANT | C103: 6 | D103: 하수인
A104: integer | B104: ENUM_UNIT_CLASS_MINERAL | C104: 7 | D104: 광물
A105: integer | B105: ENUM_UNIT_CLASS_STRUCTURE | C105: 8 | D105: 건물
A106: integer | B106: ENUM_UNIT_CLASS_ADDICT | C106: 9 | D106: 포션중독
A107: integer | B107: ENUM_UNIT_CLASS_ADDICT_MAX | C107: 10 | D107: 포션중독 최대치
A108: integer | B108: ENUM_UNIT_CLASS_POMANGAM | C108: 11 | D108: 포만감
A109: integer | B109: ENUM_UNIT_CLASS_POMANGAM_MAX | C109: 12 | D109: 포만감 최대치
A110: integer | B110: ENUM_UNIT_CLASS_BOSS | C110: 13 | D110: 보스
A111: integer | B111: ENUM_UNIT_CLASS_SIZE | C111: 14//E
A112: integer | B112: ENUM_UNIT_CLASS_MAX_VALUE | C112: 100 | D112: [최대치] 값들의 기본값
A113: real | B113: ENUM_EVENT_DAMAGE_MODIFY_STAT | C113: 1 | D113: 데미지를 입히기 전에 임시로 스탯을 변형하려함(특정 피해를 입힐때에만 공격력이나 방어관통 등을 높게 설정해야 하는 경우)
A114: real | B114: ENUM_EVENT_DAMAGE_MODIFY | C114: 2 | D114: 데미지를 입히기 전에 기본 데미지량을 변형하려함
A115: real | B115: ENUM_EVENT_DAMAGE_LAST | C115: 3 | D115: 데미지를 입히기 전에 최종 데미지량을 변형하려함
A116: real | B116: ENUM_EVENT_DAMAGE_AFTER_HPREDUCE | C116: 4 | D116: 데미지 이벤트 후 실제로 체력이 감소함
A117: real | B117: ENUM_EVENT_DAMAGE_BEFORE_HPREDUCE | C117: 5 | D117: 데미지 이벤트 후 실제로 체력이 감소하기 전에 발생
A118: real | B118: ENUM_EVENT_HEAL_MODIFY_STAT | C118: 6.0 | D118: 유닛을 회복시키기 전에 임시로 스탯을 변형하려함
A119: real | B119: ENUM_EVENT_HEAL_MODIFY | C119: 6.1 | D119: 유닛을 회복시키기 전에 기본 회복량을 변형하려함
A120: real | B120: ENUM_EVENT_HEAL_LAST | C120: 6.2 | D120: 유닛을 회복시키기 전에 최종 회복량을 변형하려함
A121: real | B121: ENUM_EVENT_SHIELD_MODIFY_STAT | C121: 7.0 | D121: 보호막을 적용하기 전에 임시로 스탯을 변형하려함
A122: real | B122: ENUM_EVENT_SHIELD_MODIFY | C122: 7.1 | D122: 보호막을 적용하기 전에 기본 쉴드량을 변형하려함
...

Sheet EnumLookup
A1: index | B1: arrname | C1: subfix | D1: type | E1: value | F1: subfix | G1: type | H1: value | I1: subfix | J1: type | K1: value
A2: ENUM_STAT_MAXHP | B2: CONSTANT_STAT | C2: NAME | D2: string | E2: 최대체력 | F2: COLOR | G2: string | H2: |cff00ff00 | I2: ICON | J2: string | K2: Icons\\tooltips\\stat_hp.blp
A3: ENUM_STAT_MAXMP | B3: CONSTANT_STAT | C3: NAME | D3: string | E3: 최대마나 | F3: COLOR | G3: string | H3: |cff0099ff | I3: ICON | J3: string | K3: Icons\\tooltips\\stat_mp.blp
A4: ENUM_STAT_ATTACK | B4: CONSTANT_STAT | C4: NAME | D4: string | E4: 공격력 | F4: COLOR | G4: string | H4: |cffff9900 | I4: ICON | J4: string | K4: Icons\\tooltips\\stat_attack.blp
A5: ENUM_STAT_DEFENSE | B5: CONSTANT_STAT | C5: NAME | D5: string | E5: 방어력 | F5: COLOR | G5: string | H5: |cffffcc99 | I5: ICON | J5: string | K5: Icons\\tooltips\\stat_defense.blp
A6: ENUM_STAT_MAGICPOWER | B6: CONSTANT_STAT | C6: NAME | D6: string | E6: 주문력 | F6: COLOR | G6: string | H6: |cff9999ff | I6: ICON | J6: string | K6: Icons\\tooltips\\stat_magicpower.blp
A7: ENUM_STAT_RESISTANCE | B7: CONSTANT_STAT | C7: NAME | D7: string | E7: 저항력 | F7: COLOR | G7: string | H7: |cff00ff99 | I7: ICON | J7: string | K7: Icons\\tooltips\\stat_resistance.blp
A8: ENUM_STAT_ACCURACY | B8: CONSTANT_STAT | C8: NAME | D8: string | E8: 정확도 | F8: COLOR | G8: string | H8: |cffff00ff | I8: ICON | J8: string | K8: Icons\\tooltips\\stat_accuracy.blp
A9: ENUM_STAT_EVASION | B9: CONSTANT_STAT | C9: NAME | D9: string | E9: 회피치 | F9: COLOR | G9: string | H9: |cff99ccff | I9: ICON | J9: string | K9: Icons\\tooltips\\stat_evasion.blp
A10: ENUM_STAT_ARMOR_PENET | B10: CONSTANT_STAT | C10: NAME | D10: string | E10: 방어관통 | F10: COLOR | G10: string | H10: |cffff6600 | I10: ICON | J10: string | K10: Icons\\tooltips\\stat_armorpenet.blp
A11: ENUM_STAT_MAGIC_PENET | B11: CONSTANT_STAT | C11: NAME | D11: string | E11: 저항관통 | F11: COLOR | G11: string | H11: |cff9999dd | I11: ICON | J11: string | K11: Icons\\tooltips\\stat_magicpenet.blp
A12: ENUM_STAT_SPELL_BOOST | B12: CONSTANT_STAT | C12: NAME | D12: string | E12: 스킬가속 | F12: COLOR | G12: string | H12: |cffff99ff | I12: ICON | J12: string | K12: Icons\\tooltips\\stat_spellboost.blp
... A27: ENUM_STAT_SUMMON_DURATION | B27: CONSTANT_STAT | C27: NAME | D27: string | E27: 소환 지속시간 | F27: COLOR | G27: string | H27: |cffc3dbff | I27: ICON | J27: string | K27: Icons\\tooltips\\tooltip_summonduration.blp
A28: ENUM_STAT_CONSTANT | B28: CONSTANT_STAT | C28: NAME | D28: string | E28: 고정값 | F28: COLOR | G28: string | H28: |cffffffff
A29: ENUM_STAT_PHYSICAL | B29: CONSTANT_STAT | C29: NAME | D29: string | E29: 물리 | F29: COLOR | G29: string | H29: |cffff9900
A30: ENUM_STAT_MAGICAL | B30: CONSTANT_STAT | C30: NAME | D30: string | E30: 마법 | F30: COLOR | G30: string | H30: |cff9999ff
A31: ENUM_STAT_HP | B31: CONSTANT_STAT | C31: NAME | D31: string | E31: 체력 | F31: COLOR | G31: string | H31: |cff00ff00
A32: ENUM_STAT_MP | B32: CONSTANT_STAT | C32: NAME | D32: string | E32: 마나 | F32: COLOR | G32: string | H32: |cff0099ff
A33: ENUM_STAT_HP_LOST | B33: CONSTANT_STAT | C33: NAME | D33: string | E33: 잃은 체력 | F33: COLOR | G33: string | H33: |cffff3333
A34: ENUM_STAT_MP_LOST | B34: CONSTANT_STAT | C34: NAME | D34: string | E34: 잃은 마나 | F34: COLOR | G34: string | H34: |cff0099ff
A35: ENUM_STAT_HP_CURRENT | B35: CONSTANT_STAT | C35: NAME | D35: string | E35: 현재 체력 | F35: COLOR | G35: string | H35: |cff00ff00
A36: ENUM_STAT_MP_CURRENT | B36: CONSTANT_STAT | C36: NAME | D36: string | E36: 현재 마나 | F36: COLOR | G36: string | H36: |cff0099ff
A37: ENUM_STAT_SHIELD | B37: CONSTANT_STAT | C37: NAME | D37: string | E37: 보호막 | F37: COLOR | G37: string | H37: |cffc690e1
A38: ENUM_STAT_GOLD | B38: CONSTANT_STAT | C38: NAME | D38: string | E38: 금화 | F38: COLOR | G38: string | H38: |cffffcc00
A39: ENUM_STATUS_STUN | B39: CONSTANT_STATUS | C39: NAME | D39: string | E39: 기절 | F39: COLOR | G39: string | H39: |cff00ffff
... A77: ENUM_DAMAGE_UNDEFINED | B77: CONSTANT_DAMAGE | C77: NAME | D77: string | E77: 미분류 | F77: COLOR | G77: string | H77: |cff999999
A78: ENUM_TIER_0 | B78: CONSTANT_TIER | C78: NAME | D78: string | F78: COLOR | G78: string | H78: |cffcccccc
A79: ENUM_TIER_1 | B79: CONSTANT_TIER | C79: NAME | D79: string | E79: 1티어 | F79: COLOR | G79: string | H79: |cffffffff
A80: ENUM_TIER_2 | B80: CONSTANT_TIER | C80: NAME | D80: string | E80: 2티어 | F80: COLOR | G80: string | H80: |cff00ff00
A81: ENUM_TIER_3 | B81: CONSTANT_TIER | C81: NAME | D81: string | E81: 3티어 | F81: COLOR | G81: string | H81: |cff0099ff
A82: ENUM_TIER_4 | B82: CONSTANT_TIER | C82: NAME | D82: string | E82: 4티어 | F82: COLOR | G82: string | H82: |cffcc00ff
A83: ENUM_TIER_5 | B83: CONSTANT_TIER | C83: NAME | D83: string | E83: 5티어 | F83: COLOR | G83: string | H83: |cffff9900
A84: ENUM_ABILITY_UPGRADE_TYPE_RED | B84: CONSTANT_ABILITY_UPGRADE_TYPE | C84: NAME | D84: string | E84: 빨간 파편 | F84: COLOR | G84: string | H84: |cffff3300 | I84: ICON | J84: string | K84: icons\\tooltips\\gem_red.blp
A85: ENUM_ABILITY_UPGRADE_TYPE_BLUE | B85: CONSTANT_ABILITY_UPGRADE_TYPE | C85: NAME | D85: string | E85: 파란 파편 | F85: COLOR | G85: string | H85: |cff0099cc | I85: ICON | J85: string | K85: icons\\tooltips\\gem_blue.blp
A86: ENUM_ABILITY_UPGRADE_TYPE_PURPLE | B86: CONSTANT_ABILITY_UPGRADE_TYPE | C86: NAME | D86: string | E86: 보라 파편 | F86: COLOR | G86: string | H86: |cff990099 | I86: ICON | J86: string | K86: icons\\tooltips\\gem_purple.blp
A87: ENUM_ABILITY_UPGRADE_TYPE_GREEN | B87: CONSTANT_ABILITY_UPGRADE_TYPE | C87: NAME | D87: string | E87: 초록 파편 | F87: COLOR | G87: string | H87: |cff00cc00 | I87: ICON | J87: string | K87: icons\\tooltips\\gem_green.blp
A88: ENUM_ABILITY_UPGRADE_TYPE_ORANGE | B88: CONSTANT_ABILITY_UPGRADE_TYPE | C88: NAME | D88: string | E88: 주황 파편 | F88: COLOR | G88: string | H88: |cffffcc00 | I88: ICON | J88: string | K88: icons\\tooltips\\gem_orange.blp
A89: ENUM_UNIT_CLASS_UNDEAD | B89: CONSTANT_UNIT_CLASS | C89: NAME | D89: string | E89: 언데드 | F89: COLOR | G89: string | H89: |cff00ffff
A90: ENUM_UNIT_CLASS_MECHANICAL | B90: CONSTANT_UNIT_CLASS | C90: NAME | D90: string | E90: 기계 | F90: COLOR | G90: string | H90: |cff00ffff
A91: ENUM_UNIT_CLASS_PLANT | B91: CONSTANT_UNIT_CLASS | C91: NAME | D91: string | E91: 식물 | F91: COLOR | G91: string | H91: |cff00ffff
A92: ENUM_UNIT_CLASS_ILLUSION | B92: CONSTANT_UNIT_CLASS | C92: NAME | D92: string | E92: 환영 | F92: COLOR | G92: string | H92: |cff00ffff
A93: ENUM_UNIT_CLASS_GUARDIAN | B93: CONSTANT_UNIT_CLASS | C93: NAME | D93: string | E93: 수호자 | F93: COLOR | G93: string | H93: |cff00ffff
A94: ENUM_UNIT_CLASS_SUMMON | B94: CONSTANT_UNIT_CLASS | C94: NAME | D94: string | E94: 소환물 | F94: COLOR | G94: string | H94: |cff00ffff
A95: ENUM_UNIT_CLASS_SERVANT | B95: CONSTANT_UNIT_CLASS | C95: NAME | D95: string | E95: 하수인 | F95: COLOR | G95: string | H95: |cff00ffff
A96: ENUM_UNIT_CLASS_MINERAL | B96: CONSTANT_UNIT_CLASS | C96: NAME | D96: string | E96: 광물 | F96: COLOR | G96: string | H96: |cff00ffff
A97: ENUM_UNIT_CLASS_STRUCTURE | B97: CONSTANT_UNIT_CLASS | C97: NAME | D97: string | E97: 건물 | F97: COLOR | G97: string | H97: |cff00ffff
A98: ENUM_UNIT_CLASS_ADDICT | B98: CONSTANT_UNIT_CLASS | C98: NAME | D98: string | E98: 포션중독 | F98: COLOR | G98: string | H98: |cff00ffff
A99: ENUM_UNIT_CLASS_POMANGAM | B99: CONSTANT_UNIT_CLASS | C99: NAME | D99: string | E99: 포만감 | F99: COLOR | G99: string | H99: |cff00ffff
A100: ENUM_CAST_TYPE_TARGET_LOCATION | B100: CONSTANT_CAST_TYPE | C100: NAME | D100: string | E100: 지점 목표물 | F100: COLOR | G100: string | H100: |cff00ffff
... A142: ENUM_ABILITY_HOTKEY_UNGRAB | B142: CONSTANT_ABILITY_HOTKEY | C142: NAME | D142: string | E142: X | F142: OSKEY | G142: oskeytype | H142: OSKEY_X

Sheet UnitParams
A1: ID | B1: id | C1: HR00 | D1: HR01 | E1: HR02 | F1: HR03 | G1: HR04 | H1: HR05 | I1: HR06 | J1: HR07 | K1: HR08 | L1: HR09 | M1: HR0a | N1: HR0b | O1: HR0c | P1: HR0d | Q1: HR0e | R1: HR0f | S1: HR0g | T1: SP00 | U1: SP03 | V1: SP04 | W1: SP05 | X1: SP06 | Y1: SP07 | Z1: SP08 | AA1: SP09 | AB1: NP00 | AC1: NP01 | AD1: NP02 | AE1: NP03 | AF1: NP04 | AG1: U000 | AH1: U001 | AI1: U002 | AJ1: U003 | AK1: U004 | AL1: G000 | AM1: G001 | AN1: B000 | AO1: B001
A2: NAME | B2: unitname | C2: 전사 | D2: 총잡이 | E2: 붉은기사 | F2: 어둠추적자 | G2: 흑마법사 | H2: 해병 | I2: 트롤 광전사 | J2: 자객 | K2: 주술사 | L2: 마술사 | M2: 불한당 | N2: 바다사냥꾼 | O2: 주문파괴자 | P2: 기술자 | Q2: 돼지술사 | R2: 요정용 | S2: 성기사 | T2: 군마 | U2: 돼지 | V2: 해골 전사 | W2: 정찰탑 | X2: 전기충격기 | Y2: 늑대정령 | Z2: 고대 코끼리 | AA2: 마법 금고 | AB2: 망각술사 | AC2: 낚시꾼 | AD2: 병참장교 | AE2: 나무꾼 | AF2: 광부 | AG2: 구울 | AH2: 지하마귀 | AI2: 가고일 | AJ2: 강령술사 | AK2: 살덩이 골렘 | AL2: 수호자 | AM2: 생명의 나무 | AN2: 대지령 | AO2: 기계난동꾼
A3: ICON_PATH | B3: iconpath | C3: BTNFootman | D3: BTNRifleMan | E3: BTNUnit_RedFootman | F3: BTNSatyrTrickster | G3: BTNGuldan | H3: BTNMarine | I3: BTNForestTrollTrapper | J3: BTNCultAssassin | K3: BTNShaman | L3: BTNVillagerMan1 | M3: BTNBandit | N3: BTNSeaWitch | O3: BTNSpellBreaker | P3: BTNPeasant | Q3: BTNRazorback | R3: BTNFaerieDragon | S3: BTNTheCaptain | T3: BTNRiderlessHorse | U3: BTNRazorback | V3: BTNSkeletonWarrior | W3: BTNHumanWatchTower | X3: BTNPowerGenerator | Y3: BTNSpiritWolf | Z3: BTNBlackMammoth | AA3: BTNMagicVault | AB3: BTNAcolyte | AC3: BTNHeadhunter | AD3: BTNTheCaptain | AE3: BTNGrunt | AF3: BTNChaosPeon | AG3: BTNGhoul | AH3: BTNCryptFiend | AI3: BTNGargoyle | AJ3: BTNNecromancer | AK3: BTNAbomination | AL3: BTNArmorGolem | AM3: BTNTreeOfEternity | AN3: BTNRockGolem | AO3: BTNROBOGOBLIN
A4: MODEL_PATH | B4: modelpath
A5: INITIAL_ABILITY1 | B5: initialability | C5: {=IF(C6<>"",INDEX(AbilityParams!$1:$1,0,MATCH(C6,AbilityParams!$2:$2,0)),"")} -> 10a0 | D5: {=IF(D6<>"",INDEX(AbilityParams!$1:$1,0,MATCH(D6,AbilityParams!$2:$2,0)),"")} -> 1020 | E5: {=IF(E6<>"",INDEX(AbilityParams!$1:$1,0,MATCH(E6,AbilityParams!$2:$2,0)),"")} -> 1090 | F5: {=IF(F6<>"",INDEX(AbilityParams!$1:$1,0,MATCH(F6,AbilityParams!$2:$2,0)),"")} -> 1070 | G5: {=IF(G6<>"",INDEX(AbilityParams!$1:$1,0,MATCH(G6,AbilityParams!$2:$2,0)),"")} -> 1030 | H5: {=IF(H6<>"",INDEX(AbilityParams!$1:$1,0,MATCH(H6,AbilityParams!$2:$2,0)),"")} -> 10i0 | I5: {=IF(I6<>"",INDEX(AbilityParams!$1:$1,0,MATCH(I6,AbilityParams!$2:$2,0)),"")} -> 10h0 | J5: {=IF(J6<>"",INDEX(AbilityParams!$1:$1,0,MATCH(J6,AbilityParams!$2:$2,0)),"")} -> 1070 | ... R5: {=IF(R6<>"",INDEX(AbilityParams!$1:$1,0,MATCH(R6,AbilityParams!$2:$2,0)),"")} -> 10j0 | S5: 10a0 | T5: {=IF(T6<>"",INDEX(AbilityParams!$1:$1,0,MATCH(T6,AbilityParams!$2:$2,0)),"")} -> 10b0 | U5: {=IF(U6<>"",INDEX(AbilityParams!$1:$1,0,MATCH(U6,AbilityParams!$2:$2,0)),"")} -> 10c0 | V5: {=IF(V6<>"",INDEX(AbilityParams!$1:$1,0,MATCH(V6,AbilityParams!$2:$2,0)),"")} -> 10a0 | W5: {=IF(W6<>"",INDEX(AbilityParams!$1:$1,0,MATCH(W6,AbilityParams!$2:$2,0)),"")} -> 10k0 | X5: {=IF(X6<>"",INDEX(AbilityParams!$1:$1,0,MATCH(X6,AbilityParams!$2:$2,0)),"")} -> 10m0 | Y5: {=IF(Y6<>"",INDEX(AbilityParams!$1:$1,0,MATCH(Y6,AbilityParams!$2:$2,0)),"")} -> 10n0 | Z5: {=IF(Z6<>"",INDEX(AbilityParams!$1:$1,0,MATCH(Z6,AbilityParams!$2:$2,0)),"")} -> 10b0 | AA5: {=IF(AA6<>"",INDEX(AbilityParams!$1:$1,0,MATCH(AA6,AbilityParams!$2:$2,0)),"")} -> 10o0 | ... AM5: {=IF(AM6<>"",INDEX(AbilityParams!$1:$1,0,MATCH(AM6,AbilityParams!$2:$2,0)),"")}
A6: desc | B6: ignore | C6: 조잡한 검 | D6: 구식 저격총 | E6: 곤봉 | F6: 순보 | G6: 화염구 | H6: 가우스 라이플 | I6: 투척용 도끼 | J6: 순보 | K6: 번개 발톱 | L6: 점멸 | M6: 방패 밀어치기 | N6: 그물 던지기 | O6: 역류의 칼날 | P6: 전기충격기 건설 | Q6: 사기의 외침 | R6: 청록의 파동 | S6: 조잡한 검 | T6: 짓밟기 | U6: 뾰족한 가시 | V6: 조잡한 검 | W6: 사냥꾼의 장궁 | X6: 전기충격 | Y6: 번개 발톱 | Z6: 짓밟기 | AA6: 행운의 금화 | AG6: 뛰어들기 | AH6: 끈적거미 | AI6: 치고 빠지기 | AJ6: 암흑의 마법봉 | AK6: 오염된 식칼 | AL6: 방패 밀어치기
A7: INITIAL_ABILITY2 | B7: initialability | C7: {=IF(C8<>"",INDEX(AbilityParams!$1:$1,0,MATCH(C8,AbilityParams!$2:$2,0)),"")} -> 2030 | D7: {=IF(D8<>"",INDEX(AbilityParams!$1:$1,0,MATCH(D8,AbilityParams!$2:$2,0)),"")} -> 20d0 | E7: {=IF(E8<>"",INDEX(AbilityParams!$1:$1,0,MATCH(E8,AbilityParams!$2:$2,0)),"")} -> 20e0 | F7: {=IF(F8<>"",INDEX(AbilityParams!$1:$1,0,MATCH(F8,AbilityParams!$2:$2,0)),"")} -> 20f0 | G7: {=IF(G8<>"",INDEX(AbilityParams!$1:$1,0,MATCH(G8,AbilityParams!$2:$2,0)),"")} -> 2050 | H7: {=IF(H8<>"",INDEX(AbilityParams!$1:$1,0,MATCH(H8,AbilityParams!$2:$2,0)),"")} -> 2000 | I7: {=IF(I8<>"",INDEX(AbilityParams!$1:$1,0,MATCH(I8,AbilityParams!$2:$2,0)),"")} -> 20g0 | J7: {=IF(J8<>"",INDEX(AbilityParams!$1:$1,0,MATCH(J8,AbilityParams!$2:$2,0)),"")} -> 2060 | ... R7: {=IF(R8<>"",INDEX(AbilityParams!$1:$1,0,MATCH(R8,AbilityParams!$2:$2,0)),"")} -> 20h0 | S7: 2030 | T7: {=IF(T8<>"",INDEX(AbilityParams!$1:$1,0,MATCH(T8,AbilityParams!$2:$2,0)),"")} -> 2090 | U7: {=IF(U8<>"",INDEX(AbilityParams!$1:$1,0,MATCH(U8,AbilityParams!$2:$2,0)),"")} -> 2090 | V7: {=IF(V8<>"",INDEX(AbilityParams!$1:$1,0,MATCH(V8,AbilityParams!$2:$2,0)),"")} -> 2030 | W7: {=IF(W8<>"",INDEX(AbilityParams!$1:$1,0,MATCH(W8,AbilityParams!$2:$2,0)),"")} -> 20n0 | X7: {=IF(X8<>"",INDEX(AbilityParams!$1:$1,0,MATCH(X8,AbilityParams!$2:$2,0)),"")} -> 20n0 | Y7: {=IF(Y8<>"",INDEX(AbilityParams!$1:$1,0,MATCH(Y8,AbilityParams!$2:$2,0)),"")} -> 2090 | Z7: {=IF(Z8<>"",INDEX(AbilityParams!$1:$1,0,MATCH(Z8,AbilityParams!$2:$2,0)),"")} -> 2090 | AA7: {=IF(AA8<>"",INDEX(AbilityParams!$1:$1,0,MATCH(AA8,AbilityParams!$2:$2,0)),"")} -> 20n0 | ... AM7: {=IF(AM8<>"",INDEX(AbilityParams!$1:$1,0,MATCH(AM8,AbilityParams!$2:$2,0)),"")}
A8: desc | B8: ignore | C8: 칼날바람 | D8: 회심의 일격 | E8: 도약강타 | F8: 악령의 칼날 | G8: 암흑비전파동 | H8: 전투 자극제 | I8: 광폭화 | J8: 수리검 투척 | K8: 늑대의 상 | L8: 마법 카드패 | M8: 돌진 v2 | N8: 맹독 칼날 | O8: 퇴마의 장막 | P8: 정찰탑 건설 | Q8: 돼지 조련술 | R8: 자연의 결속 | S8: 칼날바람 | T8: 돌진 v2 | U8: 돌진 v2 | V8: 칼날바람 | W8: 보강 | X8: 보강 | Y8: 돌진 v2 | Z8: 돌진 v2 | AA8: 보강 | AC8: 투창 | AG8: 광란 | AH8: 산성 거미줄 | AI8: 그림자 화살 | AJ8: 해골 전사 소환 | AK8: 부패가스 | AL8: 곤봉
A9: ABILITY1 | B9: ability | C9: {=IF(C10<>"",INDEX(AbilityParams!$1:$1,0,MATCH(C10,AbilityParams!$2:$2,0)),"")} -> 20e0 | D9: {=IF(D10<>"",INDEX(AbilityParams!$1:$1,0,MATCH(D10,AbilityParams!$2:$2,0)),"")} | E9: {=IF(E10<>"",INDEX(AbilityParams!$1:$1,0,MATCH(E10,AbilityParams!$2:$2,0)),"")} | F9: {=IF(F10<>"",INDEX(AbilityParams!$1:$1,0,MATCH(F10,AbilityParams!$2:$2,0)),"")} | G9: {=IF(G10<>"",INDEX(AbilityParams!$1:$1,0,MATCH(G10,AbilityParams!$2:$2,0)),"")} | H9: {=IF(H10<>"",INDEX(AbilityParams!$1:$1,0,MATCH(H10,AbilityParams!$2:$2,0)),"")} | I9: {=IF(I10<>"",INDEX(AbilityParams!$1:$1,0,MATCH(I10,AbilityParams!$2:$2,0)),"")} | J9: {=IF(J10<>"",INDEX(AbilityParams!$1:$1,0,MATCH(J10,AbilityParams!$2:$2,0)),"")} | ... R9: {=IF(R10<>"",INDEX(AbilityParams!$1:$1,0,MATCH(R10,AbilityParams!$2:$2,0)),"")} | S9: 20e0 | T9: {=IF(T10<>"",INDEX(AbilityParams!$1:$1,0,MATCH(T10,AbilityParams!$2:$2,0)),"")} | U9: {=IF(U10<>"",INDEX(AbilityParams!$1:$1,0,MATCH(U10,AbilityParams!$2:$2,0)),"")} | V9: {=IF(V10<>"",INDEX(AbilityParams!$1:$1,0,MATCH(V10,AbilityParams!$2:$2,0)),"")} | W9: {=IF(W10<>"",INDEX(AbilityParams!$1:$1,0,MATCH(W10,AbilityParams!$2:$2,0)),"")} | X9: {=IF(X10<>"",INDEX(AbilityParams!$1:$1,0,MATCH(X10,AbilityParams!$2:$2,0)),"")} | Y9: {=IF(Y10<>"",INDEX(AbilityParams!$1:$1,0,MATCH(Y10,AbilityParams!$2:$2,0)),"")} | Z9: {=IF(Z10<>"",INDEX(AbilityParams!$1:$1,0,MATCH(Z10,AbilityParams!$2:$2,0)),"")} | AA9: {=IF(AA10<>"",INDEX(AbilityParams!$1:$1,0,MATCH(AA10,AbilityParams!$2:$2,0)),"")} | ... AM9: {=IF(AM10<>"",INDEX(AbilityParams!$1:$1,0,MATCH(AM10,AbilityParams!$2:$2,0)),"")}
A10: desc | B10: ignore | C10: 도약강타 | S10: 도약강타
A11: ABILITY2 | B11: ability | C11: {=IF(C12<>"",INDEX(AbilityParams!$1:$1,0,MATCH(C12,AbilityParams!$2:$2,0)),"")} | D11: {=IF(D12<>"",INDEX(AbilityParams!$1:$1,0,MATCH(D12,AbilityParams!$2:$2,0)),"")} | E11: {=IF(E12<>"",INDEX(AbilityParams!$1:$1,0,MATCH(E12,AbilityParams!$2:$2,0)),"")} | F11: {=IF(F12<>"",INDEX(AbilityParams!$1:$1,0,MATCH(F12,AbilityParams!$2:$2,0)),"")} | G11: {=IF(G12<>"",INDEX(AbilityParams!$1:$1,0,MATCH(G12,AbilityParams!$2:$2,0)),"")} | H11: {=IF(H12<>"",INDEX(AbilityParams!$1:$1,0,MATCH(H12,AbilityParams!$2:$2,0)),"")} | I11: {=IF(I12<>"",INDEX(AbilityParams!$1:$1,0,MATCH(I12,AbilityParams!$2:$2,0)),"")} | J11: {=IF(J12<>"",INDEX(AbilityParams!$1:$1,0,MATCH(J12,AbilityParams!$2:$2,0)),"")} | ... R11: {=IF(R12<>"",INDEX(AbilityParams!$1:$1,0,MATCH(R12,AbilityParams!$2:$2,0)),"")} | T11: {=IF(T12<>"",INDEX(AbilityParams!$1:$1,0,MATCH(T12,AbilityParams!$2:$2,0)),"")} | U11: {=IF(U12<>"",INDEX(AbilityParams!$1:$1,0,MATCH(U12,AbilityParams!$2:$2,0)),"")} | V11: {=IF(V12<>"",INDEX(AbilityParams!$1:$1,0,MATCH(V12,AbilityParams!$2:$2,0)),"")} | W11: {=IF(W12<>"",INDEX(AbilityParams!$1:$1,0,MATCH(W12,AbilityParams!$2:$2,0)),"")} | X11: {=IF(X12<>"",INDEX(AbilityParams!$1:$1,0,MATCH(X12,AbilityParams!$2:$2,0)),"")} | Y11: {=IF(Y12<>"",INDEX(AbilityParams!$1:$1,0,MATCH(Y12,AbilityParams!$2:$2,0)),"")} | Z11: {=IF(Z12<>"",INDEX(AbilityParams!$1:$1,0,MATCH(Z12,AbilityParams!$2:$2,0)),"")} | AA11: {=IF(AA12<>"",INDEX(AbilityParams!$1:$1,0,MATCH(AA12,AbilityParams!$2:$2,0)),"")} | ... AM11: {=IF(AM12<>"",INDEX(AbilityParams!$1:$1,0,MATCH(AM12,AbilityParams!$2:$2,0)),"")}
A12: desc | B12: ignore | D12: {=IF(D13<>"",INDEX(AbilityParams!$1:$1,0,MATCH(D13,AbilityParams!$2:$2,0)),"")}
A13: ABILITY3 | B13: ability | C13: {=IF(C14<>"",INDEX(AbilityParams!$1:$1,0,MATCH(C14,AbilityParams!$2:$2,0)),"")} | D13: {=IF(D14<>"",INDEX(AbilityParams!$1:$1,0,MATCH(D14,AbilityParams!$2:$2,0)),"")} | E13: {=IF(E14<>"",INDEX(AbilityParams!$1:$1,0,MATCH(E14,AbilityParams!$2:$2,0)),"")} | F13: {=IF(F14<>"",INDEX(AbilityParams!$1:$1,0,MATCH(F14,AbilityParams!$2:$2,0)),"")} | G13: {=IF(G14<>"",INDEX(AbilityParams!$1:$1,0,MATCH(G14,AbilityParams!$2:$2,0)),"")} | H13: {=IF(H14<>"",INDEX(AbilityParams!$1:$1,0,MATCH(H14,AbilityParams!$2:$2,0)),"")} | I13: {=IF(I14<>"",INDEX(AbilityParams!$1:$1,0,MATCH(I14,AbilityParams!$2:$2,0)),"")} | J13: {=IF(J14<>"",INDEX(AbilityParams!$1:$1,0,MATCH(J14,AbilityParams!$2:$2,0)),"")} | ... R13: {=IF(R14<>"",INDEX(AbilityParams!$1:$1,0,MATCH(R14,AbilityParams!$2:$2,0)),"")} | T13: {=IF(T14<>"",INDEX(AbilityParams!$1:$1,0,MATCH(T14,AbilityParams!$2:$2,0)),"")} | U13: {=IF(U14<>"",INDEX(AbilityParams!$1:$1,0,MATCH(U14,AbilityParams!$2:$2,0)),"")} | V13: {=IF(V14<>"",INDEX(AbilityParams!$1:$1,0,MATCH(V14,AbilityParams!$2:$2,0)),"")} | W13: {=IF(W14<>"",INDEX(AbilityParams!$1:$1,0,MATCH(W14,AbilityParams!$2:$2,0)),"")} | X13: {=IF(X14<>"",INDEX(AbilityParams!$1:$1,0,MATCH(X14,AbilityParams!$2:$2,0)),"")} | Y13: {=IF(Y14<>"",INDEX(AbilityParams!$1:$1,0,MATCH(Y14,AbilityParams!$2:$2,0)),"")} | Z13: {=IF(Z14<>"",INDEX(AbilityParams!$1:$1,0,MATCH(Z14,AbilityParams!$2:$2,0)),"")} | AA13: {=IF(AA14<>"",INDEX(AbilityParams!$1:$1,0,MATCH(AA14,AbilityParams!$2:$2,0)),"")} | ... AM13: {=IF(AM14<>"",INDEX(AbilityParams!$1:$1,0,MATCH(AM14,AbilityParams!$2:$2,0)),"")}
A14: desc | B14: ignore
A15: ABILITY4 | B15: ability | C15: {=IF(C16<>"",INDEX(AbilityParams!$1:$1,0,MATCH(C16,AbilityParams!$2:$2,0)),"")} | D15: {=IF(D16<>"",INDEX(AbilityParams!$1:$1,0,MATCH(D16,AbilityParams!$2:$2,0)),"")} | E15: {=IF(E16<>"",INDEX(AbilityParams!$1:$1,0,MATCH(E16,AbilityParams!$2:$2,0)),"")} | F15: {=IF(F16<>"",INDEX(AbilityParams!$1:$1,0,MATCH(F16,AbilityParams!$2:$2,0)),"")} | G15: {=IF(G16<>"",INDEX(AbilityParams!$1:$1,0,MATCH(G16,AbilityParams!$2:$2,0)),"")} | H15: {=IF(H16<>"",INDEX(AbilityParams!$1:$1,0,MATCH(H16,AbilityParams!$2:$2,0)),"")} | I15: {=IF(I16<>"",INDEX(AbilityParams!$1:$1,0,MATCH(I16,AbilityParams!$2:$2,0)),"")} | J15: {=IF(J16<>"",INDEX(AbilityParams!$1:$1,0,MATCH(J16,AbilityParams!$2:$2,0)),"")} | ... R15: {=IF(R16<>"",INDEX(AbilityParams!$1:$1,0,MATCH(R16,AbilityParams!$2:$2,0)),"")} | T15: {=IF(T16<>"",INDEX(AbilityParams!$1:$1,0,MATCH(T16,AbilityParams!$2:$2,0)),"")} | U15: {=IF(U16<>"",INDEX(AbilityParams!$1:$1,0,MATCH(U16,AbilityParams!$2:$2,0)),"")} | V15: {=IF(V16<>"",INDEX(AbilityParams!$1:$1,0,MATCH(V16,AbilityParams!$2:$2,0)),"")} | W15: {=IF(W16<>"",INDEX(AbilityParams!$1:$1,0,MATCH(W16,AbilityParams!$2:$2,0)),"")} | X15: {=IF(X16<>"",INDEX(AbilityParams!$1:$1,0,MATCH(X16,AbilityParams!$2:$2,0)),"")} | Y15: {=IF(Y16<>"",INDEX(AbilityParams!$1:$1,0,MATCH(Y16,AbilityParams!$2:$2,0)),"")} | Z15: {=IF(Z16<>"",INDEX(AbilityParams!$1:$1,0,MATCH(Z16,AbilityParams!$2:$2,0)),"")} | AA15: {=IF(AA16<>"",INDEX(AbilityParams!$1:$1,0,MATCH(AA16,AbilityParams!$2:$2,0)),"")} | ... AM15: {=IF(AM16<>"",INDEX(AbilityParams!$1:$1,0,MATCH(AM16,AbilityParams!$2:$2,0)),"")}
A16: desc | B16: ignore
A17: ABILITY5 | B17: ability | C17: {=IF(C18<>"",INDEX(AbilityParams!$1:$1,0,MATCH(C18,AbilityParams!$2:$2,0)),"")} | D17: {=IF(D18<>"",INDEX(AbilityParams!$1:$1,0,MATCH(D18,AbilityParams!$2:$2,0)),"")} | E17: {=IF(E18<>"",INDEX(AbilityParams!$1:$1,0,MATCH(E18,AbilityParams!$2:$2,0)),"")} | F17: {=IF(F18<>"",INDEX(AbilityParams!$1:$1,0,MATCH(F18,AbilityParams!$2:$2,0)),"")} | G17: {=IF(G18<>"",INDEX(AbilityParams!$1:$1,0,MATCH(G18,AbilityParams!$2:$2,0)),"")} | H17: {=IF(H18<>"",INDEX(AbilityParams!$1:$1,0,MATCH(H18,AbilityParams!$2:$2,0)),"")} | I17: {=IF(I18<>"",INDEX(AbilityParams!$1:$1,0,MATCH(I18,AbilityParams!$2:$2,0)),"")} | J17: {=IF(J18<>"",INDEX(AbilityParams!$1:$1,0,MATCH(J18,AbilityParams!$2:$2,0)),"")} | ... R17: {=IF(R18<>"",INDEX(AbilityParams!$1:$1,0,MATCH(R18,AbilityParams!$2:$2,0)),"")} | T17: {=IF(T18<>"",INDEX(AbilityParams!$1:$1,0,MATCH(T18,AbilityParams!$2:$2,0)),"")} | U17: {=IF(U18<>"",INDEX(AbilityParams!$1:$1,0,MATCH(U18,AbilityParams!$2:$2,0)),"")} | V17: {=IF(V18<>"",INDEX(AbilityParams!$1:$1,0,MATCH(V18,AbilityParams!$2:$2,0)),"")} | W17: {=IF(W18<>"",INDEX(AbilityParams!$1:$1,0,MATCH(W18,AbilityParams!$2:$2,0)),"")} | X17: {=IF(X18<>"",INDEX(AbilityParams!$1:$1,0,MATCH(X18,AbilityParams!$2:$2,0)),"")} | Y17: {=IF(Y18<>"",INDEX(AbilityParams!$1:$1,0,MATCH(Y18,AbilityParams!$2:$2,0)),"")} | Z17: {=IF(Z18<>"",INDEX(AbilityParams!$1:$1,0,MATCH(Z18,AbilityParams!$2:$2,0)),"")} | AA17: {=IF(AA18<>"",INDEX(AbilityParams!$1:$1,0,MATCH(AA18,AbilityParams!$2:$2,0)),"")} | ... AM17: {=IF(AM18<>"",INDEX(AbilityParams!$1:$1,0,MATCH(AM18,AbilityParams!$2:$2,0)),"")}
A18: desc | B18: ignore
A19: ABILITY6 | B19: ability | D19: {=IF(D20<>"",INDEX(AbilityParams!$1:$1,0,MATCH(D20,AbilityParams!$2:$2,0)),"")} | E19: {=IF(E20<>"",INDEX(AbilityParams!$1:$1,0,MATCH(E20,AbilityParams!$2:$2,0)),"")} | F19: {=IF(F20<>"",INDEX(AbilityParams!$1:$1,0,MATCH(F20,AbilityParams!$2:$2,0)),"")} | G19: {=IF(G20<>"",INDEX(AbilityParams!$1:$1,0,MATCH(G20,AbilityParams!$2:$2,0)),"")} | H19: {=IF(H20<>"",INDEX(AbilityParams!$1:$1,0,MATCH(H20,AbilityParams!$2:$2,0)),"")} | I19: {=IF(I20<>"",INDEX(AbilityParams!$1:$1,0,MATCH(I20,AbilityParams!$2:$2,0)),"")} | J19: {=IF(J20<>"",INDEX(AbilityParams!$1:$1,0,MATCH(J20,AbilityParams!$2:$2,0)),"")} | K19: {=IF(K20<>"",INDEX(AbilityParams!$1:$1,0,MATCH(K20,AbilityParams!$2:$2,0)),"")} | ... R19: {=IF(R20<>"",INDEX(AbilityParams!$1:$1,0,MATCH(R20,AbilityParams!$2:$2,0)),"")} | T19: {=IF(T20<>"",INDEX(AbilityParams!$1:$1,0,MATCH(T20,AbilityParams!$2:$2,0)),"")} | U19: {=IF(U20<>"",INDEX(AbilityParams!$1:$1,0,MATCH(U20,AbilityParams!$2:$2,0)),"")} | V19: {=IF(V20<>"",INDEX(AbilityParams!$1:$1,0,MATCH(V20,AbilityParams!$2:$2,0)),"")} | W19: {=IF(W20<>"",INDEX(AbilityParams!$1:$1,0,MATCH(W20,AbilityParams!$2:$2,0)),"")} | X19: {=IF(X20<>"",INDEX(AbilityParams!$1:$1,0,MATCH(X20,AbilityParams!$2:$2,0)),"")} | Y19: {=IF(Y20<>"",INDEX(AbilityParams!$1:$1,0,MATCH(Y20,AbilityParams!$2:$2,0)),"")} | Z19: {=IF(Z20<>"",INDEX(AbilityParams!$1:$1,0,MATCH(Z20,AbilityParams!$2:$2,0)),"")} | AA19: {=IF(AA20<>"",INDEX(AbilityParams!$1:$1,0,MATCH(AA20,AbilityParams!$2:$2,0)),"")} | ... AM19: {=IF(AM20<>"",INDEX(AbilityParams!$1:$1,0,MATCH(AM20,AbilityParams!$2:$2,0)),"")}
A20: desc | B20: ignore
A21: ABILITY7 | B21: ability | C21: {=IF(C22<>"",INDEX(AbilityParams!$1:$1,0,MATCH(C22,AbilityParams!$2:$2,0)),"")} | D21: {=IF(D22<>"",INDEX(AbilityParams!$1:$1,0,MATCH(D22,AbilityParams!$2:$2,0)),"")} | E21: {=IF(E22<>"",INDEX(AbilityParams!$1:$1,0,MATCH(E22,AbilityParams!$2:$2,0)),"")} | F21: {=IF(F22<>"",INDEX(AbilityParams!$1:$1,0,MATCH(F22,AbilityParams!$2:$2,0)),"")} | G21: {=IF(G22<>"",INDEX(AbilityParams!$1:$1,0,MATCH(G22,AbilityParams!$2:$2,0)),"")} | H21: {=IF(H22<>"",INDEX(AbilityParams!$1:$1,0,MATCH(H22,AbilityParams!$2:$2,0)),"")} | I21: {=IF(I22<>"",INDEX(AbilityParams!$1:$1,0,MATCH(I22,AbilityParams!$2:$2,0)),"")} | J21: {=IF(J22<>"",INDEX(AbilityParams!$1:$1,0,MATCH(J22,AbilityParams!$2:$2,0)),"")} | ... R21: {=IF(R22<>"",INDEX(AbilityParams!$1:$1,0,MATCH(R22,AbilityParams!$2:$2,0)),"")} | T21: {=IF(T22<>"",INDEX(AbilityParams!$1:$1,0,MATCH(T22,AbilityParams!$2:$2,0)),"")} | U21: {=IF(U22<>"",INDEX(AbilityParams!$1:$1,0,MATCH(U22,AbilityParams!$2:$2,0)),"")} | V21: {=IF(V22<>"",INDEX(AbilityParams!$1:$1,0,MATCH(V22,AbilityParams!$2:$2,0)),"")} | W21: {=IF(W22<>"",INDEX(AbilityParams!$1:$1,0,MATCH(W22,AbilityParams!$2:$2,0)),"")} | X21: {=IF(X22<>"",INDEX(AbilityParams!$1:$1,0,MATCH(X22,AbilityParams!$2:$2,0)),"")} | Y21: {=IF(Y22<>"",INDEX(AbilityParams!$1:$1,0,MATCH(Y22,AbilityParams!$2:$2,0)),"")} | Z21: {=IF(Z22<>"",INDEX(AbilityParams!$1:$1,0,MATCH(Z22,AbilityParams!$2:$2,0)),"")} | AA21: {=IF(AA22<>"",INDEX(AbilityParams!$1:$1,0,MATCH(AA22,AbilityParams!$2:$2,0)),"")} | ... AM21: {=IF(AM22<>"",INDEX(AbilityParams!$1:$1,0,MATCH(AM22,AbilityParams!$2:$2,0)),"")}
A22: desc | B22: ignore
A23: ABILITY8 | B23: ability | C23: {=IF(C24<>"",INDEX(AbilityParams!$1:$1,0,MATCH(C24,AbilityParams!$2:$2,0)),"")} | D23: {=IF(D24<>"",INDEX(AbilityParams!$1:$1,0,MATCH(D24,AbilityParams!$2:$2,0)),"")} | E23: {=IF(E24<>"",INDEX(AbilityParams!$1:$1,0,MATCH(E24,AbilityParams!$2:$2,0)),"")} | F23: {=IF(F24<>"",INDEX(AbilityParams!$1:$1,0,MATCH(F24,AbilityParams!$2:$2,0)),"")} | G23: {=IF(G24<>"",INDEX(AbilityParams!$1:$1,0,MATCH(G24,AbilityParams!$2:$2,0)),"")} | H23: {=IF(H24<>"",INDEX(AbilityParams!$1:$1,0,MATCH(H24,AbilityParams!$2:$2,0)),"")} | I23: {=IF(I24<>"",INDEX(AbilityParams!$1:$1,0,MATCH(I24,AbilityParams!$2:$2,0)),"")} | J23: {=IF(J24<>"",INDEX(AbilityParams!$1:$1,0,MATCH(J24,AbilityParams!$2:$2,0)),"")} | ... R23: {=IF(R24<>"",INDEX(AbilityParams!$1:$1,0,MATCH(R24,AbilityParams!$2:$2,0)),"")} | T23: {=IF(T24<>"",INDEX(AbilityParams!$1:$1,0,MATCH(T24,AbilityParams!$2:$2,0)),"")} | U23: {=IF(U24<>"",INDEX(AbilityParams!$1:$1,0,MATCH(U24,AbilityParams!$2:$2,0)),"")} | V23: {=IF(V24<>"",INDEX(AbilityParams!$1:$1,0,MATCH(V24,AbilityParams!$2:$2,0)),"")} | W23: {=IF(W24<>"",INDEX(AbilityParams!$1:$1,0,MATCH(W24,AbilityParams!$2:$2,0)),"")} | X23: {=IF(X24<>"",INDEX(AbilityParams!$1:$1,0,MATCH(X24,AbilityParams!$2:$2,0)),"")} | Y23: {=IF(Y24<>"",INDEX(AbilityParams!$1:$1,0,MATCH(Y24,AbilityParams!$2:$2,0)),"")} | Z23: {=IF(Z24<>"",INDEX(AbilityParams!$1:$1,0,MATCH(Z24,AbilityParams!$2:$2,0)),"")} | AA23: {=IF(AA24<>"",INDEX(AbilityParams!$1:$1,0,MATCH(AA24,AbilityParams!$2:$2,0)),"")} | ... AM23: {=IF(AM24<>"",INDEX(AbilityParams!$1:$1,0,MATCH(AM24,AbilityParams!$2:$2,0)),"")}
A24: desc | B24: ignore
A25: TOOLTIP | B25: string | C25: 도내 SSR급 굳건이 | D25: 칼 든 사람보다 무서운 총 든 사람 | E25: 몽둥이가 압권인 전사 | F25: 현실세계에선 스토커였던 내가 이세계에서는 0티어 도적? | G25: 정말로 강한 마법사이다. 왜 강한지는… | H25: 전우애로 똘똘 뭉친 사람 | I25: 트롤인데다 광전사이다. | J25: 벼르고 있는 사람들이 많다. 잡히면 어떻게 될까? | K25: 현실에선 주술이라고는 인디안식 기우제밖에 몰랐지만 여기선 다르다. | L25: [카드값]이 많이 나오는 사람 | M25: 물하기싫으니불한당 | N25: 해녀라고 부르면 화를 낸다. | O25: 마법이 소용없다고 주장하는 사람 | P25: 지상 최강의 막노동꾼 | Q25: 대지마법을 사용할 수 있다는 오해를 자주 산다. | R25: 뀨 | S25: 도내 SSR급 굳건이 | T25: 탑승감 좋은 군마 | U25: 꾸이이익 | V25: 지성도 없고 고통도 모르니 가장 무서운 존재가 아닐까? | W25: 튼튼한 정찰탑 | X25: 이세계에서도 범죄자 소탕에 많이 활용되는 기구 | Y25: 늑대의 형상을 한 정령 | Z25: 싫어하는 학교는 연세대학교 | AA25: 귀엽고 든든한 마법 금고 | AB25: 무슨 설명을 적어놓으려고 했더라? | AC25: 물고기 잡는 법 보다 더 중요한 것은 낚시대를 만드는 법

Sheet BuffParams
A1: ID | B1: ALLOWNULL | C1: fourcc | D1: 10d0 | E1: 10g0 | F1: 10v0 | G1: 10y0 | H1: 10z0 | I1: 10A0 | J1: 2000 | K1: 2070 | L1: 20b0 | M1: 20c0 | N1: 20d0 | O1: 20d1 | P1: 20g0 | Q1: 20h0 | R1: 20h1 | S1: 20j0 | T1: 20k0 | U1: 20n0 | V1: 20o0 | W1: 20p0 | X1: 20s0 | Y1: 3010 | Z1: 3030 | AA1: 3080 | AB1: g000 | AC1: g001
A2: NAME | B2: true | C2: string | D2: 사기의 외침 | E2: 그물 던지기 | F2: 끈적 거미 | G2: 오염된 식칼 | H2: 맑은 물 | I2: 빵 | J2: 전투자극제 | K2: 불붙은 시미터 | L2: 퇴마의 장막 | M2: 맹독 칼날 | N2: 회심의 일격(감속) | O2: 회심의 일격(추뎀) | P2: 광폭화 | Q2: 자연의 결속(캐스터) | R2: 자연의 결속(타겟) | S2: 늑대의 상 | T2: 고대코끼리의 상 | U2: 보강 | V2: 광란 | W2: 산성 거미줄 | X2: 부패가스 | Y2: 감속 | Z2: 전격구체 | AA2: 순보 v2 | AB2: 포만감 | AC2: 포션중독
A3: ICON_PATH | B3: true | C3: iconpath | D3: BTNAbility_Shout1 | E3: BTNEnsnare | F3: BTNAbility_MonsterSpiderCarapace_01 | G3: BTNAbility_storm_ui_icon_stitches_slam | H3: BTNAbility_Water0 | I3: BTNAbility_Pan0 | J3: BTNAbility_terran-stimpack-color | K3: BTNAbility_Gangplank_Passive | L3: BTNSpellBreakerMagicDefend | M3: BTNEnvenomedSpear | N3: BTNAbility_Paladin_SwiftRetribution | O3: BTNAbility_Paladin_SwiftRetribution | P3: BTNBerserkForTrolls | Q3: BTNManaFlare | R3: BTNManaFlare | S3: BTNSpiritWolf | T3: BTNBlackMammoth | U3: BTNAdvStruct | V3: BTNUnholyFrenzy | W3: BTNAbility_Web0 | X3: BTNPlagueCloud | Y3: BTNSlow | Z3: BTNOrbOfLightning | AA3: BTNAbility_SavageStrike
A4: INDIVISUAL | B4: true | C4: integer | D4: 2 | E4: 0 | F4: 1 | G4: 1 | H4: 2 | I4: 2 | J4: 0 | K4: 1 | L4: 0 | M4: 1 | N4: 0 | O4: 0 | P4: 0 | Q4: 2 | R4: 2 | S4: 0 | T4: 0 | U4: 0 | V4: 0 | W4: 0 | X4: 0 | Y4: 1 | Z4: 0 | AA4: 2 | AB4: 2 | AC4: 2
A5: POSITIVE | B5: true | C5: integer | D5: 1 | E5: 0 | F5: 0 | G5: 0 | H5: 1 | I5: 1 | J5: 1 | K5: 0 | L5: 1 | M5: 0 | N5: 0 | O5: 1 | P5: 1 | Q5: 1 | R5: 1 | S5: 1 | T5: 1 | U5: 1 | V5: 1 | W5: 0 | X5: 0 | Y5: 0 | Z5: 1 | AA5: 0 | AB5: 0 | AC5: 0
A6: DISPLAY | B6: true | C6: boolean | D6: true | E6: true | F6: true | G6: true | H6: true | I6: true | J6: true | K6: true | L6: true | M6: true | N6: true | O6: true | P6: true | Q6: true | R6: true | S6: true | T6: true | U6: true | V6: true | W6: true | X6: true | Y6: true | Z6: false | AA6: false | AB6: true | AC6: true
A7: USE_DAMAGE_TAG | B7: true | C7: boolean | D7: false | E7: false | F7: false | G7: false | H7: false | I7: false | J7: false | K7: true | L7: false | M7: true | N7: false | O7: false | P7: false | Q7: false | R7: false | S7: false | T7: false | U7: false | V7: false | W7: false | X7: false | Y7: false | Z7: false | AA7: true | AB7: false | AC7: false
A8: DAMAGE_ID | B8: false | C8: fourcc | K8: 2071 | M8: 20c1 | AA8: 3081
A9: TAG1 | B9: true | C9: abilitytag | K9: FIRE | M9: POISON | AA9: SLASH
A10: TAG2 | B10: true | C10: abilitytag
A11: TAG3 | B11: true | C11: abilitytag
A12: TAG4 | B12: true | C12: abilitytag
A13: NULL | B13: false | C13: real
A14: CAST | B14: false | C14: real
A15: DELAY | B15: false | C15: real
A16: DURATION | B16: false | C16: real | N16: 5.0
A17: RANGE | B17: false | C17: real
A18: RANGE_SECONDARY | B18: false | C18: real
A19: BACKSWING | B19: false | C19: real
A20: RADIUS1 | B20: false | C20: real
A21: RADIUS2 | B21: false | C21: real
A22: RADIUS3 | B22: false | C22: real
A23: ROTSPEED | B23: false | C23: real
A24: STARTAT | B24: false | C24: real
A25: VELO | B25: false | C25: real
A26: INTERVAL | B26: false | C26: real | K26: 0.5 | M26: 0.5 | S26: 0.5 | T26: 0.5
A27: WIDTH | B27: false | C27: real
A28: CHARGE | B28: false | C28: integer
A29: COUNT | B29: false | C29: integer | AA29: 2
A30: TARGET_MAX | B30: false | C30: integer
A31: CHARGE_DURATION | B31: false | C31: real
A32: CHARGE_SPEED | B32: false | C32: real
A33: KNOCKBACK_DISTANCE | B33: false | C33: real
A34: KNOCKBACK_DURATION | B34: false | C34: real
A35: DAMAGE_BASE | B35: false | C35: real | H35: 20.0 | I35: 50.0
A36: DAMAGE_PRIMARY | B36: false | C36: real
A37: DAMAGE_SECONDARY | B37: false | C37: real
A38: DAMAGE_PER_LEVEL | B38: false | C38: real | D38: 0.06 | E38: 0.06 | F38: 0.06 | G38: 0.06 | H38: 0.06 | I38: 0.06 | J38: 0.07 | K38: 0.07 | L38: 0.07 | M38: 0.07 | O38: 0.07 | P38: 0.07 | R38: 0.07 | S38: 0.07 | T38: 0.07 | V38: 0.07 | W38: 0.07 | Y38: 0.08 | AA38: 0.08
A39: DAMAGE_AMPLIFIER1 | B39: false | C39: real | D39: 0.5 | E39: 0.2 | F39: 0.03 | G39: 0.025 | J39: 0.175 | K39: 0.85 | L39: 1.65 | M39: 0.2 | O39: 1.25 | P39: 0.15 | R39: 0.027 | S39: 0.225 | T39: 0.0175 | V39: 0.05 | W39: 0.4 | Y39: 0.02 | AA39: 0.25
A40: DAMAGE_AMPLIFIER2 | B40: false | C40: real | L40: 0.45 | R40: 0.022 | AA40: 0.25
A41: DAMAGE_AMPLIFIER3 | B41: false | C41: real
A42: DAMAGE_AMPLIFIER4 | B42: false | C42: real
A43: DAMAGE_STAT1 | B43: false | C43: enum | D43: STAT_HPREGEN | E43: STAT_ACCURACY | F43: STAT_ATTACK | G43: STAT_MAXHP | J43: STAT_ATTACK | K43: STAT_HPREGEN | L43: STAT_ATTACK | M43: STAT_ACCURACY | O43: STAT_ACCURACY | P43: STAT_ATTACK | R43: STAT_MAXHP | S43: STAT_MAGICPOWER | T43: STAT_MAXHP | V43: STAT_MAXHP | W43: STAT_ACCURACY | Y43: STAT_MAGICPOWER | AA43: STAT_ATTACK
A44: DAMAGE_STAT2 | B44: false | C44: enum | D44: STAT_ATTACK | R44: STAT_MAXMP | AA44: STAT_ACCURACY
A45: DAMAGE_STAT3 | B45: false | C45: enum
A46: DAMAGE_STAT4 | B46: false | C46: enum
A47: USE_DAMAGE_FLAG | B47: false | C47: boolean | D47: false | E47: false | F47: false | G47: false | H47: false | I47: false | J47: false | K47: true | L47: false | M47: true | N47: false | O47: false | P47: false | Q47: false | R47: false | S47: false | T47: false | U47: false | V47: false | W47: false | X47: false | Y47: false | Z47: false | AA47: true | AB47: false
A48: DAMAGE_TYPE | B48: false | C48: enum | K48: DAMAGE_MAGICAL | M48: DAMAGE_PHYSICAL | AA48: DAMAGE_PHYSICAL
A49: ATTACK_TYPE | B49: false | C49: enum | K49: DAMAGE_ETC | M49: DAMAGE_ETC | AA49: DAMAGE_BASIC
A50: INTERVAL_TYPE | B50: false | C50: enum | K50: DAMAGE_PERIODIC | M50: DAMAGE_PERIODIC | AA50: DAMAGE_SINGLE
A51: VECTOR_TYPE | B51: false | C51: enum | K51: DAMAGE_INNER | M51: DAMAGE_INNER | AA51: DAMAGE_OUTTER
A52: TARGET_TYPE | B52: false | C52: enum | K52: DAMAGE_NONTARGET | M52: DAMAGE_NONTARGET | AA52: DAMAGE_NONTARGET
A53: AOE_TYPE | B53: false | C53: enum | K53: DAMAGE_NONAOE | M53: DAMAGE_NONAOE | AA53: DAMAGE_NONAOE
A54: ONHIT_TYPE | B54: false | C54: enum | K54: DAMAGE_NONHIT | M54: DAMAGE_NONHIT | AA54: DAMAGE_ONHIT
A55: RANGE_TYPE | B55: false | C55: enum | K55: DAMAGE_UNDEFINED | M55: DAMAGE_UNDEFINED | AA55: DAMAGE_MELEE
A56: DATA_REAL1 | B56: false | C56: real | D56: 0.15 | E56: 0.33 | F56: 5.0 | J56: 0.3 | K56: 1.0 | L56: 0.2 | P56: 0.5 | S56: 0.135 | T56: 0.25 | U56: 0.35 | V56: 0.6 | W56: 0.33 | X56: 0.75 | Z56: 0.4
A57: DATA_REAL2 | B57: false | C57: real | D57: 0.01 | J57: 0.1 | S57: 0.015 | U57: 0.015 | V57: 0.05 | Z57: 0.1
A58: DATA_REAL3 | B58: false | C58: real | V58: 0.1 | Z58: 0.25
A59: DATA_REAL4 | B59: false | C59: real
A60: DATA_REAL5 | B60: false | C60: real
A61: DATA_REAL6 | B61: false | C61: real
A62: DATA_REAL7 | B62: false | C62: real
A63: DATA_REAL8 | B63: false | C63: real
A64: DATA_REAL9 | B64: false | C64: real
A65: DATA_REAL10 | B65: false | C65: real
A66: DATA_INTEGER1 | B66: false | C66: integer | H66: 50 | I66: 50 | S66: 60 | T66: 20 | Y66: 15
A67: DATA_INTEGER2 | B67: false | C67: integer | S67: 3 | T67: 3
A68: DATA_INTEGER3 | B68: false | C68: integer
A69: DATA_INTEGER4 | B69: false | C69: integer
A70: DATA_INTEGER5 | B70: false | C70: integer
A71: DATA_INTEGER6 | B71: false | C71: integer
A72: DATA_INTEGER7 | B72: false | C72: integer
A73: DATA_INTEGER8 | B73: false | C73: integer
A74: DATA_INTEGER9 | B74: false | C74: integer
A75: DATA_INTEGER10 | B75: false | C75: integer
A76: DATA_BOOLEAN1 | B76: false | C76: boolean
A77: DATA_BOOLEAN2 | B77: false | C77: boolean
A78: DATA_BOOLEAN3 | B78: false | C78: boolean
A79: DATA_BOOLEAN4 | B79: false | C79: boolean
... A85: DATA_BOOLEAN10 | B85: false | C85: boolean
A86: DATA_DESCRIPTION_REAL1 | B86: false | C86: ignore | D86: 공격력 증폭 | E86: 둔화율 | F86: 둔화량 | J86: 공속증가 | K86: 대상체젠비례 | S86: 공속증가(기본) | T86: 최대체력증가 | V86: 공속보너스 | W86: 감속 | X86: 치감 | Z86: 이속증가
A87: DATA_DESCRIPTION_REAL2 | B87: false | C87: ignore | D87: 공격력 증폭(레벨 당) | J87: 이속증가 | S87: 공속증가(레벨당) | V87: 체력비용 | Z87: 감속량
A88: DATA_DESCRIPTION_REAL3 | B88: false | C88: ignore | V88: 체력비율하한 | Z88: 감속간격
A89: DATA_DESCRIPTION_REAL4 | B89: false | C89: ignore
A90: DATA_DESCRIPTION_REAL5 | B90: false | C90: ignore
A91: DATA_DESCRIPTION_REAL6 | B91: false | C91: ignore
A92: DATA_DESCRIPTION_REAL7 | B92: false | C92: ignore
A93: DATA_DESCRIPTION_REAL8 | B93: false | C93: ignore
A94: DATA_DESCRIPTION_REAL9 | B94: false | C94: ignore
A95: DATA_DESCRIPTION_REAL10 | B95: false | C95: ignore
A96: DATA_DESCRIPTION_INTEGER1 | B96: false | C96: ignore | S96: 이속증가 | T96: 이속증가 | Y96: 이속감소
A97: DATA_DESCRIPTION_INTEGER2 | B97: false | C97: ignore | S97: 마나소모,마나회복 | T97: 마나소모
A98: DATA_DESCRIPTION_INTEGER3 | B98: false | C98: ignore
A99: DATA_DESCRIPTION_INTEGER4 | B99: false | C99: ignore
A100: DATA_DESCRIPTION_INTEGER5 | B100: false | C100: ignore
A101: DATA_DESCRIPTION_INTEGER6 | B101: false | C101: ignore
A102: DATA_DESCRIPTION_INTEGER7 | B102: false | C102: ignore
A103: DATA_DESCRIPTION_INTEGER8 | B103: false | C103: ignore
A104: DATA_DESCRIPTION_INTEGER9 | B104: false | C104: ignore
A105: DATA_DESCRIPTION_INTEGER10 | B105: false | C105: ignore
...

Sheet AbilityParams
A1: ID | B1: ALLOWNULL | C1: fourcc | D1: 1000 | E1: 1010 | F1: 1020 | G1: 1030 | H1: 1040 | I1: 1050 | J1: 1060 | K1: 1070 | L1: 1080 | M1: 1090 | N1: 10a0 | O1: 10b0 | P1: 10c0 | Q1: 10d0 | R1: 10e0 | S1: 10f0 | T1: 10g0 | U1: 10h0 | V1: 10i0 | W1: 10j0 | X1: 10k0 | Y1: 10l0 | Z1: 10m0 | AA1: 10n0 | AB1: 10o0 | AC1: 10p0 | AD1: 10q0 | AE1: 10r0 | AF1: 10s0 | AG1: 10t0 | AH1: 10u0 | AI1: 10v0 | AJ1: 10w0 | AK1: 10x0 | AL1: 10y0 | AM1: 10z0 | AN1: 10A0 | AO1: 10B0 | AP1: 10C0 | AQ1: 2000 | AR1: 2030 | AS1: 2040 | AT1: 2050 | AU1: 2060 | AV1: 2070 | AW1: 2080 | AX1: 2090 | AY1: 20a0 | AZ1: 20b0 | BA1: 20c0 | BB1: 20d0 | BC1: 20e0 | BD1: 20f0 | BE1: 20g0 | BF1: 20h0 | BG1: 20i0 | BH1: 20j0 | BI1: 20k0 | BJ1: 20l0 | BK1: 20m0 | BL1: 20n0 | BM1: 20o0 | BN1: 20p0 | BO1: 20q0 | BP1: 20r0 | BQ1: 20s0 | BR1: 3000 | BS1: 3010 | BT1: 3020 | BU1: 3030 | BV1: 3040 | BW1: 3050 | BX1: 3060 | BY1: 3070 | BZ1: 3080 | CA1: 4000 | CB1: 4010 | CC1: 5000 | CD1: 5010 | CE1: C000 | CF1: C001 | CG1: C002 | CH1: C003 | CI1: C004 | CJ1: C005 | CK1: C006 | CL1: C007 | CM1: C008
A2: NAME | B2: true | C2: string | D2: 방패 밀어치기 | E2: 쌍극의 번개 | F2: 구식 저격총 | G2: 화염구 | H2: 연쇄번개 | I2: 신성의 빛 | J2: 점멸 | K2: 순보 | L2: 다중사격 | M2: 곤봉 | N2: 조잡한 검 | O2: 짓밟기 | P2: 뾰족한 가시 | Q2: 사기의 외침 | R2: 박치기 | S2: 역류의 칼날 | T2: 그물 던지기 | U2: 투척용 도끼 | V2: 가우스 라이플 | W2: 청록의 파동 | X2: 사냥꾼의 장궁 | Y2: 전기충격기 건설 | Z2: 전기충격 | AA2: 번개 발톱 | AB2: 행운의 금화 | AC2: 돌진 | AD2: 단검 | AE2: 힘의 장갑 | AF2: 날카로운 갈고리 | AG2: 에메랄드 | AH2: 뛰어들기 | AI2: 끈적거미 | AJ2: 치고 빠지기 | AK2: 암흑의 마법봉 | AL2: 오염된 식칼 | AM2: 맑은 물 | AN2: 빵 | AO2: 행운의 은관 | AP2: 곡괭이 | AQ2: 전투 자극제 | AR2: 칼날바람 | AS2: 마법 카드패 | AT2: 암흑비전파동 | AU2: 수리검 투척 | AV2: 불붙은 시미터 | AW2: 낚시 | AX2: 돌진 v2 | AY2: 돼지 조련술 | AZ2: 퇴마의 장막 | BA2: 맹독 칼날 | BB2: 회심의 일격 | BC2: 도약강타 | BD2: 악령의 칼날 | BE2: 광폭화 | BF2: 자연의 결속 | BG2: 정찰탑 건설 | BH2: 늑대의 상 | BI2: 고대 코끼리의 상 | BJ2: 달빛 글레이브 | BK2: 투창 | BL2: 보강 | BM2: 광란 | BN2: 산성 거미줄 | BO2: 그림자 화살 | BP2: 해골 전사 소환 | BQ2: 부패가스 | BR2: 기관총 난사 | BS2: 감속 | BT2: 착취의 보옥 | BU2: 전격 구체 | BV2: 바람 칼날 | BW2: 강철 군마 | BX2: 갈고리 던지기 | BY2: 용암채찍 | BZ2: 순보 v2 | CA2: 미사일 컨테이너 | CB2: 불사조 | CC2: 화룡의 숨결 | CD2: 종막: 이스보셋 | CE2: 새내기 | CF2: 동인천 역가드 | CG2: 가짜광기 | CH2: 꿈나무 | CI2: 아이돌 | CJ2: 정의의 사도 | CK2: 치유계 | CL2: 패셔니스타 | CM2: 밤의 일족
A3: ICON_PATH | B3: true | C3: iconpath | D3: BTNAbility_Warrior_ShieldBash | E3: btnAbility_protoss-doubleshieldrecharge | F3: BTNDwarvenLongRifle | G3: BTNFireBolt | H3: btnAbility_swarm-kerrigan-chainreaction | I3: BTNHolyBolt | J3: BTNBlink | K3: BTNAbility_SavageStrike | L3: BTNAbility_Multishot | M3: BTNAbility_Mace_10 | N3: BTNSteelMelee | O3: BTNWarStomp | P3: BTNQuillSprayOff | Q3: BTNAbility_Shout1 | R3: BTNDizzy | S3: BTNFeedBack | T3: BTNEnsnare | U3: BTNOrcMeleeUpOne | V3: btnAbility_tychus-weapons-level4 | W3: BTNAbility_Nature_AbolishMagic | X3: BTNImprovedBows | Y3: BTNPowerGenerator | Z3: btnability-protoss-beambounce | AA3: BTNShamanAdept | AB3: BTNMGExchange | AC3: BTNAbility_storm_ui_icon_varian_charge | AD3: BTNAbility_ShortBlade_10 | AE3: BTNGauntletsOfOgrePower | AF3: BTNClawsOfAttack | AG3: BTNGem | AH3: BTNGhoulFrenzy | AI3: BTNAbility_MonsterSpiderCarapace_01 | AJ3: BTNAbility_Shadow_Shadowfury | AK3: BTNWandSkull | AL3: BTNAbility_storm_ui_icon_stitches_slam | AM3: BTNAbility_Water0 | AN3: BTNAbility_Pan0 | AO3: BTNCirclet | AP3: BTNGatherGold | AQ3: BTNAbility_terran-stimpack-color | AR3: BTNWhirlwind | AS3: BTNAbility_PickACard | AT3: BTNAbility_ArchonQ | AU3: BTNAbility_Shuriken | AV3: BTNAbility_Gangplank_Passive | AW3: BTNAbility_Fishingpole | AX3: BTNAbility_storm_ui_icon_varian_charge | AY3: BTNPig | AZ3: BTNSpellBreakerMagicDefend | BA3: BTNEnvenomedSpear | BB3: BTNAbility_Paladin_SwiftRetribution | BC3: BTNAbility_storm_ui_icon_sonya_leap | BD3: BTNAbility_Shadow_RitualOfSacrifice | BE3: BTNBerserkForTrolls | BF3: BTNManaFlare | BG3: BTNHumanWatchTower | BH3: BTNSpiritWolf | BI3: BTNBlackMammoth | BJ3: BTNUpgradeMoonGlaive | BK3: BTNSteelRanged | BL3: BTNAdvStruct | BM3: BTNUnholyFrenzy | BN3: BTNAbility_Web0 | BO3: BTNAbility_Shadow_PainSpike | BP3: BTNSkeletonWarrior | BQ3: BTNPlagueCloud | BR3: BTNFlakCannons | BS3: BTNSlow | BT3: BTNOrbOfDeath | BU3: BTNOrbOfLightning | BV3: BTNAbility_WindBlade0 | BW3: BTNRiderlessHorse | BX3: BTNAbility_storm_ui_icon_stitches_hook | BY3: BTNAbility_LavaSwip | BZ3: BTNAbility_SavageStrike | CA3: BTNClusterRockets | CB3: BTNAbility_storm_ui_icon_kaelthas_phoenix | CC3: BTNAbility_storm_ui_icon_deathwing_molten_flame | CD3: BTNAbility_Isubosete | CE3: BTNMurgalSlave | CF3: BTNSacrifice | CG3: BTNBerserkForTrolls | CH3: BTNAcorn | CI3: BTNSorceress | CJ3: BTNRacoon | CK3: BTNFountainOfLife | CL3: BTNRobeOfTheMagi | CM3: BTNElunesBlessing
A4: TIER | B4: true | C4: integer | D4: 1 | E4: 1 | F4: 1 | G4: 1 | H4: 1 | I4: 1 | J4: 1 | K4: 1 | L4: 1 | M4: 1 | N4: 1 | O4: 1 | P4: 1 | Q4: 1 | R4: 1 | S4: 1 | T4: 1 | U4: 1 | V4: 1 | W4: 1 | X4: 1 | Y4: 1 | Z4: 1 | AA4: 1 | AB4: 1 | AC4: 1 | AD4: 1 | AE4: 1 | AF4: 1 | AG4: 1 | AH4: 1 | AI4: 1 | AJ4: 1 | AK4: 1 | AL4: 1 | AM4: 1 | AN4: 1 | AO4: 1 | AP4: 1 | AQ4: 2 | AR4: 2 | AS4: 2 | AT4: 2 | AU4: 2 | AV4: 2 | AW4: 2 | AX4: 2 | AY4: 2 | AZ4: 2 | BA4: 2 | BB4: 2 | BC4: 2 | BD4: 2 | BE4: 2 | BF4: 2 | BG4: 2 | BH4: 2 | BI4: 2 | BJ4: 2 | BK4: 2 | BL4: 2 | BM4: 2 | BN4: 2 | BO4: 2 | BP4: 2 | BQ4: 2 | BR4: 3 | BS4: 3 | BT4: 3 | BU4: 3 | BV4: 3 | BW4: 3 | BX4: 3 | BY4: 3 | BZ4: 3 | CA4: 4 | CB4: 4 | CC4: 5 | CD4: 5 | CE4: 0 | CF4: 0 | CG4: 0 | CH4: 0 | CI4: 0 | CJ4: 0 | CK4: 0 | CL4: 0 | CM4: 0
A5: COST | B5: true | C5: integer | D5: 1 | E5: 1 | F5: 1 | G5: 1 | H5: 1 | I5: 1 | J5: 1 | K5: 1 | L5: 1 | M5: 1 | N5: 1 | O5: 1 | P5: 1 | Q5: 1 | R5: 1 | S5: 1 | T5: 1 | U5: 1 | V5: 1 | W5: 1 | X5: 1 | Y5: 1 | Z5: 1 | AA5: 1 | AB5: 1 | AC5: 1 | AD5: 1 | AE5: 1 | AF5: 1 | AG5: 1 | AH5: 1 | AI5: 1 | AJ5: 1 | AK5: 1 | AL5: 1 | AM5: 1 | AN5: 1 | AO5: 1 | AP5: 1 | AQ5: 2 | AR5: 2 | AS5: 2 | AT5: 2 | AU5: 2 | AV5: 2 | AW5: 2 | AX5: 2 | AY5: 2 | AZ5: 2 | BA5: 2 | BB5: 2 | BC5: 2 | BD5: 2 | BE5: 2 | BF5: 2 | BG5: 2 | BH5: 2 | BI5: 2 | BJ5: 2 | BK5: 2 | BL5: 2 | BM5: 2 | BN5: 2 | BO5: 2 | BP5: 2 | BQ5: 2 | BR5: 3 | BS5: 3 | BT5: 3 | BU5: 3 | BV5: 3 | BW5: 3 | BX5: 3 | BY5: 3 | BZ5: 3 | CA5: 4 | CB5: 4 | CC5: 5 | CD5: 5 | CE5: 0 | CF5: 0 | CG5: 0 | CH5: 0 | CI5: 0 | CJ5: 0 | CK5: 0 | CL5: 0 | CM5: 0
A6: CAST_TYPE | B6: true | C6: casttype | D6: TARGET_LOCATION | E6: DRAG_TO_USE | F6: WEAPON | G6: TARGET_LOCATION | H6: TARGET_UNIT | I6: WEAPON | J6: TARGET_LOCATION | K6: TARGET_LOCATION | L6: TARGET_LOCATION | M6: WEAPON | N6: WEAPON | O6: WEAPON | P6: WEAPON | Q6: IMMEDIATE | R6: WEAPON | S6: WEAPON | T6: TARGET_LOCATION | U6: WEAPON | V6: WEAPON | W6: IMMEDIATE | X6: WEAPON | Y6: TARGET_LOCATION | Z6: WEAPON | AA6: WEAPON | AB6: WEAPON | AC6: TARGET_LOCATION | AD6: WEAPON | AE6: PASSIVE | AF6: PASSIVE | AG6: PASSIVE | AH6: TARGET_UNIT | AI6: WEAPON | AJ6: TARGET_UNIT | AK6: WEAPON | AL6: WEAPON | AM6: IMMEDIATE | AN6: IMMEDIATE | AO6: PASSIVE | AP6: WEAPON | AQ6: IMMEDIATE | AR6: IMMEDIATE | AS6: WEAPON | AT6: TARGET_LOCATION | AU6: TARGET_LOCATION | AV6: WEAPON | AW6: TARGET_LOCATION | AX6: TARGET_LOCATION | AY6: WEAPON | AZ6: IMMEDIATE | BA6: WEAPON | BB6: IMMEDIATE | BC6: TARGET_LOCATION | BD6: WEAPON | BE6: IMMEDIATE | BF6: TARGET_UNIT | BG6: TARGET_LOCATION | BH6: IMMEDIATE | BI6: IMMEDIATE | BJ6: WEAPON | BK6: WEAPON | BL6: IMMEDIATE | BM6: IMMEDIATE | BN6: TARGET_LOCATION | BO6: WEAPON | BP6: TARGET_LOCATION | BQ6: PASSIVE | BR6: TARGET_LOCATION | BS6: TARGET_LOCATION | BT6: WEAPON | BU6: WEAPON | BV6: WEAPON | BW6: TARGET_LOCATION | BX6: TARGET_LOCATION | BY6: WEAPON | BZ6: TARGET_LOCATION | CA6: TARGET_LOCATION | CB6: DRAG_TO_USE | CC6: TARGET_LOCATION | CD6: TARGET_LOCATION | CE6: PASSIVE | CF6: PASSIVE | CG6: PASSIVE | CH6: PASSIVE | CI6: PASSIVE | CJ6: PASSIVE | CK6: PASSIVE | CL6: PASSIVE | CM6: PASSIVE
A7: TAG1 | B7: true | C7: abilitytag | D7: BASH | E7: LIGHTNING | F7: FIREARM | G7: FIRE | H7: LIGHTNING | I7: DIVINE | K7: SLASH | L7: PIERCE | M7: BASH | N7: NORMAL | O7: BASH | P7: BIO | R7: BASH | S7: SLASH | U7: NORMAL | V7: FIREARM | W7: NATURE | X7: PIERCE | Y7: SUMMON | Z7: LIGHTNING | AA7: NORMAL | AC7: BASH | AD7: SLASH | AH7: NORMAL | AI7: BIO | AJ7: NORMAL | AK7: DARK | AL7: BASH | AM7: FOOD | AN7: FOOD | AP7: BASH | AR7: NORMAL | AS7: THROW | AT7: DARK | AU7: THROW | AV7: FIRE | AX7: BASH | AY7: SUMMON | BA7: SLASH | BC7: BASH | BD7: SLASH | BF7: NATURE | BG7: SERVANT | BH7: TRANSFORM | BI7: TRANSFORM | BJ7: THROW | BK7: THROW | BN7: BIO | BO7: DARK | BP7: SUMMON | BQ7: BIO | BR7: FIREARM | BT7: DARK | BU7: LIGHTNING | BV7: SLASH | BW7: SERVANT | BX7: NORMAL | BY7: FIRE | BZ7: SLASH | CA7: FIREARM | CB7: FIRE | CC7: FIRE | CD7: FIREARM | CE7: CHINGHO | CF7: CHINGHO | CG7: CHINGHO | CH7: CHINGHO | CI7: CHINGHO | CJ7: CHINGHO | CK7: CHINGHO | CL7: CHINGHO | CM7: CHINGHO
A8: TAG2 | B8: true | C8: abilitytag | F8: PIERCE | N8: SLASH | P8: PIERCE | U8: THROW | V8: PIERCE | AA8: LIGHTNING | AD8: PIERCE | AL8: POISON | AR8: SLASH | AV8: SLASH | BA8: POISON | BD8: DARK | BJ8: NORMAL | BK8: PIERCE | BN8: POISON | BO8: SUMMON | BQ8: POISON | BR8: PIERCE | BV8: WIND | BX8: THROW | CA8: EXPLOSION | CD8: PIERCE
A9: TAG3 | B9: true | C9: abilitytag | AA9: WILD | CD9: DARK
A10: TAG4 | B10: true | C10: abilitytag
A11: COOLDOWN_MAX | B11: true | C11: real | D11: 8.0 | E11: 6.7 | F11: 0.0 | G11: 5.5 | H11: 5.3 | I11: 0.0 | J11: 30.0 | K11: 6.0 | L11: 3.5 | M11: 0.0 | N11: 0.0 | O11: 0.0 | P11: 0.0 | Q11: 12.0 | R11: 0.0 | S11: 0.0 | T11: 10.0 | U11: 0.0 | V11: 0.0 | W11: 3.0 | X11: 0.0 | Y11: 4.0 | Z11: 0.0 | AA11: 0.0 | AB11: 0.0 | AC11: 9.0 | AD11: 0.0 | AE11: 0.0 | AF11: 0.0 | AG11: 0.0 | AH11: 6.5 | AI11: 0.0 | AJ11: 10.0 | AK11: 0.0 | AL11: 0.0 | AM11: 1.5 | AN11: 1.5 | AO11: 0.0 | AP11: 0.0 | AQ11: 10.0 | AR11: 0.0 | AS11: 0.0 | AT11: 5.25 | AU11: 1.5 | AV11: 0.0 | AW11: 1.5 | AX11: 9.0 | AY11: 0.0 | AZ11: 9.0 | BA11: 0.0 | BB11: 5.0 | BC11: 8.0 | BD11: 0.0 | BE11: 10.0 | BF11: 1.5 | BG11: 4.0 | BH11: 1.5 | BI11: 1.5 | BJ11: 0.0 | BK11: 0.0 | BL11: 10.0 | BM11: 5.0 | BN11: 10.0 | BO11: 0.0 | BP11: 10.0 | BQ11: 0.0 | BR11: 8.0 | BS11: 10.0 | BT11: 0.0 | BU11: 0.0 | BV11: 0.0 | BW11: 0.0 | BX11: 10.0 | BY11: 0.0 | BZ11: 6.0 | CA11: 12.0 | CB11: 9.0 | CC11: 10.0 | CD11: 0.0 | CE11: 0.0 | CF11: 0.0 | CG11: 0.0 | CH11: 0.0 | CI11: 0.0 | CJ11: 0.0 | CK11: 0.0 | CL11: 0.0 | CM11: 0.0
A12: COOLDOWN_MIN | B12: true | C12: real | D12: 2.0 | E12: 0.5 | F12: 0.0 | G12: 0.5 | H12: 0.5 | I12: 0.0 | J12: 0.0 | K12: 0.5 | L12: 0.5 | M12: 0.0 | N12: 0.0 | O12: 0.0 | P12: 0.0 | Q12: 6.0 | R12: 0.0 | S12: 0.0 | T12: 5.0 | U12: 0.0 | V12: 0.0 | W12: 3.0 | X12: 0.0 | Y12: 2.0 | Z12: 0.0 | AA12: 0.0 | AB12: 0.0 | AC12: 2.0 | AD12: 0.0 | AE12: 0.0 | AF12: 0.0 | AG12: 0.0 | AH12: 0.5 | AI12: 0.0 | AJ12: 4.0 | AK12: 0.0 | AL12: 0.0 | AM12: 1.5 | AN12: 1.5 | AO12: 0.0 | AP12: 0.0 | AQ12: 2.0 | AR12: 0.0 | AS12: 0.0 | AT12: 5.0 | AU12: 1.5 | AV12: 0.0 | AW12: 1.5 | AX12: 2.0 | AY12: 0.0 | AZ12: 2.0 | BA12: 0.0 | BB12: 1.75 | BC12: 4.0 | BD12: 0.0 | BE12: 2.0 | BF12: 1.5 | BG12: 4.0 | BH12: 1.5 | BI12: 1.5 | BJ12: 0.0 | BK12: 0.0 | BL12: 5.0 | BM12: 5.0 | BN12: 5.0 | BO12: 0.0 | BP12: 3.0 | BQ12: 0.0 | BR12: 1.5 | BS12: 4.0 | BT12: 0.0 | BU12: 0.0 | BV12: 0.0 | BW12: 0.0 | BX12: 3.3 | BY12: 0.0 | BZ12: 0.5 | CA12: 2.0 | CB12: 3.0 | CC12: 5.0 | CD12: 0.0 | CE12: 0.0 | CF12: 0.0 | CG12: 0.0 | CH12: 0.0 | CI12: 0.0 | CJ12: 0.0 | CK12: 0.0 | CL12: 0.0 | CM12: 0.0
A13: MANACOST | B13: true | C13: integer | D13: 25 | E13: 27 | F13: 0 | G13: 25 | H13: 22 | I13: 0 | J13: 20 | K13: 45 | L13: 15 | M13: 0 | N13: 0 | O13: 0 | P13: 0 | Q13: 38 | R13: 0 | S13: 0 | T13: 27 | U13: 0 | V13: 0 | W13: 20 | X13: 0 | Y13: 10 | Z13: 0 | AA13: 0 | AB13: 0 | AC13: 30 | AD13: 0 | AE13: 0 | AF13: 0 | AG13: 0 | AH13: 20 | AI13: 0 | AJ13: 17 | AK13: 0 | AL13: 0 | AM13: 0 | AN13: 0 | AO13: 0 | AP13: 0 | AQ13: 35 | AR13: 19 | AS13: 0 | AT13: 25 | AU13: 3 | AV13: 0 | AW13: 0 | AX13: 25 | AY13: 0 | AZ13: 30 | BA13: 0 | BB13: 15 | BC13: 25 | BD13: 0 | BE13: 35 | BF13: 10 | BG13: 30 | BH13: 20 | BI13: 20 | BJ13: 0 | BK13: 0 | BL13: 17 | BM13: 30 | BN13: 20 | BO13: 0 | BP13: 50 | BQ13: 0 | BR13: 26 | BS13: 30 | BT13: 0 | BU13: 0 | BV13: 0 | BW13: 0 | BX13: 31 | BY13: 0 | BZ13: 45 | CA13: 50 | CB13: 55 | CC13: 85 | CD13: 125 | CE13: 0 | CF13: 0 | CG13: 0 | CH13: 0 | CI13: 0 | CJ13: 0 | CK13: 0 | CL13: 0 | CM13: 0
A14: CAST | B14: false | C14: real | E14: 0.25 | Y14: 0.5 | AW14: 0.2 | BG14: 4.0 | BS14: 0.25 | CB14: 0.25 | CC14: 0.75 | CD14: 0.8
A15: DELAY | B15: false | C15: real | E15: 0.65 | F15: 2.0 | G15: 0.2 | H15: 0.2 | L15: 0.2 | Q15: 0.22 | T15: 0.2 | AT15: 0.5 | AU15: 0.25 | BG15: 0.75 | BK15: 0.5 | BN15: 0.2 | BP15: 0.2 | CA15: 0.2 | CB15: 0.5
A16: DURATION | B16: false | C16: real | Q16: 8.0 | T16: 4.0 | Y16: 10.0 | AI16: 4.0 | AJ16: 0.55 | AL16: 4.0 | AM16: 20.0 | AN16: 20.0 | AO16: 30.0 | AQ16: 5.0 | AT16: 2.5 | AV16: 5.0 | AY16: 5.0 | AZ16: 9.0 | BA16: 5.0 | BB16: 1.5 | BC16: 0.5 | BD16: 3.0 | BE16: 4.0 | BL16: 3.5 | BM16: 3.0 | BN16: 5.0 | BO16: 3.0 | BP16: 15.0 | BQ16: 1.5 | BS16: 4.5 | BU16: 2.0 | BZ16: 4.0 | CA16: 3.0
A17: RANGE | B17: false | C17: real | E17: 500. | G17: 750. | H17: 575.0 | J17: 600.0 | K17: 500.0 | L17: 725.0 | T17: 800.0 | AH17: 500.0 | AJ17: 600.0 | AT17: 450.0 | AU17: 575.0 | AW17: 600.0 | BC17: 550.0 | BJ17: 450.0 | BN17: 800.0 | BP17: 800.0 | BR17: 750.0 | BS17: 800.0 | BT17: 800.0 | BX17: 1000.0 | BY17: 300.0 | BZ17: 500.0 | CA17: 1200.0 | CB17: 800.0 | CC17: 800.0 | CD17: 1250.0
A18: RANGE_SECONDARY | B18: false | C18: real | H18: 575.0 | V18: 150.0 | Z18: 415.0 | AH18: 100.0 | AJ18: 500.0 | AT18: 1000.0 | CB18: 1500.0
A19: BACKSWING | B19: false | C19: real | D19: 0.15 | F19: 0.25 | G19: 0.15 | H19: 0.15 | L19: 0.15 | P19: 0.25 | T19: 0.15 | U19: 0.25 | V19: 0.25 | X19: 0.25 | AC19: 0.15 | AH19: 0.15 | AI19: 0.25 | AK19: 0.25 | AP19: 0.25 | AS19: 0.25 | AT19: 0.25 | AU19: 0.15 | AX19: 0.15 | BJ19: 0.25 | BK19: 0.5 | BN19: 0.15 | BO19: 0.25 | BP19: 0.15 | BR19: 0.15 | BS19: 0.15 | BU19: 0.25 | BV19: 0.25 | BY19: 0.25 | CA19: 0.15 | CD19: 0.2
A20: RADIUS1 | B20: false | C20: real | Q20: 450. | W20: 225.0 | AR20: 200.0 | BY20: 65.0
A21: RADIUS2 | B21: false | C21: real | D21: 75.0 | G21: 65.0 | L21: 32.5 | T21: 55.0 | V21: 55.0 | AC21: 75.0 | AT21: 80.0 | AU21: 55.0 | AX21: 75.0 | BN21: 55.0 | BP21: 65.0 | BR21: 65.0 | BX21: 65.0 | CA21: 65.0 | CD21: 50.0
A22: RADIUS3 | B22: false | C22: real | G22: 145.0 | K22: 65.0 | Y22: 100.0 | BC22: 175.0 | BG22: 100.0 | BQ22: 200.0 | BS22: 200.0 | BZ22: 65.0 | CA22: 500.0 | CB22: 200.0 | CC22: 250.0
A23: ROTSPEED | B23: false | C23: real | Q23: 6.0 | AR23: 6.0
A24: STARTAT | B24: false | C24: real | F24: 45.0 | G24: 32.5 | L24: 32.5 | P24: 25.0 | T24: 28.5 | U24: 25.0 | V24: 25.0 | X24: 25.0 | AB24: 45.0 | AI24: 25.0 | AK24: 25.0 | AS24: 25.0 | AU24: 35.0 | BJ24: 25.0 | BK24: 25.0 | BN24: 28.5 | BO24: 25.0 | BP24: 32.5 | BR24: 32.5 | BU24: 25.0 | BV24: 25.0 | BX24: 25.0 | BY24: 65.0 | CA24: 32.5 | CD24: 35.0
A25: VELO | B25: false | C25: real | F25: 1875.0 | G25: 1100.0 | L25: 1400.0 | P25: 1485.0 | T25: 1100.0 | U25: 1485.0 | V25: 1550.0 | X25: 1485.0 | AB25: 1375.0 | AH25: 1500.0 | AI25: 900.0 | AJ25: 2560.0 | AK25: 1200.0 | AS25: 1250.0 | AU25: 1250.0 | BF25: 1080.0 | BJ25: 1150.0 | BK25: 1200.0 | BN25: 1100.0 | BO25: 1050.0 | BR25: 1875.0 | BU25: 1250.0 | BV25: 1600.0 | BX25: 1350.0 | CA25: 400.0 | CB25: 1500.0 | CD25: 2000.0
A26: INTERVAL | B26: false | C26: real | H26: 0.15 | Q26: 0.25 | Z26: 0.15 | AR26: 0.25 | AU26: 0.15 | BQ26: 0.5 | BR26: 0.125 | BS26: 0.5 | BT26: 0.25 | CA26: 0.125 | CC26: 0.2 | CD26: 0.125
A27: WIDTH | B27: false | C27: real | L27: 30.0 | BY27: 150.0 | CD27: 30.0
A28: CHARGE | B28: false | C28: integer | AU28: 3
A29: COUNT | B29: false | C29: integer | L29: 5 | Q29: 8 | AR29: 8 | AS29: 4 | AU29: 3 | AV29: 3 | BP29: 1 | BQ29: 8 | BR29: 10 | BS29: 10 | BY29: 3 | CA29: 20 | CC29: 15 | CD29: 4
A30: TARGET_MAX | B30: false | C30: integer | H30: 4 | Z30: 4 | BJ30: 3
A31: CHARGE_DURATION | B31: false | C31: real | D31: 0.25 | AC31: 0.5 | AX31: 0.5 | BK31: 0.25
A32: CHARGE_SPEED | B32: false | C32: real | D32: 1250.0 | AC32: 1200.0 | AX32: 1200.0 | BK32: 0.5
A33: KNOCKBACK_DISTANCE | B33: false | C33: real | D33: 100.0
A34: KNOCKBACK_DURATION | B34: false | C34: real | D34: 0.5
A35: UNIT_ID1 | B35: false | C35: fourcc | Y35: SP06 | AY35: SP03 | BG35: SP05 | BP35: SP04 | BW35: SP00
A36: UNIT_ID2 | B36: false | C36: fourcc
A37: UNIT_ID3 | B37: false | C37: fourcc
A38: UNIT_ID4 | B38: false | C38: fourcc
A39: BUFF_ID1 | B39: false | C39: fourcc | Q39: 10d0 | T39: 10g0 | AI39: 10v0 | AL39: 10y0 | AM39: 10z0 | AN39: 10A0 | AQ39: 2000 | AV39: 2070 | AZ39: 20b0 | BA39: 20c0 | BB39: 20d0 | BE39: 20g0 | BF39: 20h0 | BH39: 20j0 | BI39: 20k0 | BL39: 20n0 | BM39: 20o0 | BN39: 20p0 | BQ39: 20s0 | BS39: 3010 | BU39: 3030 | BZ39: 3080
A40: BUFF_DESCRIPTION1 | B40: false | C40: ignore | Q40: 체젠,공증 | T40: 감속 | AI40: 감속 | AL40: 체력감소 | AM40: 마나회복 | AN40: 체력회복 | AQ40: 강화 | AV40: 지속피해 | AZ40: 쉴드 | BA40: 지속피해 | BB40: 감속 | BE40: 광폭화 | BF40: 캐스터 | BH40: 변신 | BI40: 변신 | BL40: 방마저 증가 | BM40: 광폭화 | BN40: 감속 | BQ40: 지속피해 | BS40: 감속 | BU40: 이속증가 | BZ40: 추가타
A41: BUFF_ID2 | B41: false | C41: fourcc | BB41: 20d1 | BF41: 20h1
A42: BUFF_DESCRIPTION2 | B42: false | C42: ignore | BB42: 추뎀 | BF42: 타겟
A43: BUFF_ID3 | B43: false | C43: fourcc
A44: BUFF_DESCRIPTION3 | B44: false | C44: ignore
A45: BUFF_ID4 | B45: false | C45: fourcc
A46: BUFF_DESCRIPTION4 | B46: false | C46: ignore
A47: IS_WEAPON | B47: false | C47: boolean | D47: false | E47: false | F47: true | G47: false | H47: false | I47: true | J47: false | K47: false | L47: false | M47: true | N47: true | O47: true | P47: true | Q47: false | R47: true | S47: true | T47: false | U47: true | V47: true | W47: false | X47: true | Y47: false | Z47: true | AA47: true | AB47: true | AC47: false | AD47: true | AE47: false | AF47: false | AG47: false | AH47: false | AI47: true | AJ47: false | AK47: true | AL47: true | AM47: false | AN47: false | AO47: false | AP47: true | AQ47: false | AR47: false | AS47: true | AT47: false | AU47: false | AV47: true | AW47: false | AX47: false | AY47: true | AZ47: false | BA47: true | BB47: false | BC47: false | BD47: true | BE47: false | BF47: false | BG47: false | BH47: false | BI47: false | BJ47: true | BK47: true | BL47: false | BM47: false | BN47: false | BO47: true | BP47: false | BQ47: false | BR47: false | BS47: false | BT47: true | BU47: true | BV47: true | BW47: false | BX47: false | BY47: true | BZ47: false | CA47: false | CB47: false | CC47: false | CD47: false | CE47: false | CF47: false | CG47: false | CH47: false | CI47: false | CJ47: false | CK47: false | CL47: false | CM47: false
A48: WEAPON_IS_RANGED | B48: false | C48: boolean | F48: true | I48: true | M48: false | N48: false | O48: false | P48: true | R48: false | S48: false | U48: true | V48: true | X48: true | Z48: true | AA48: false | AB48: true | AD48: false | AI48: true | AK48: true | AL48: false | AP48: false | AS48: true | AV48: false | AY48: true | BA48: false | BD48: false | BJ48: true | BK48: true | BO48: true | BT48: true | BU48: true | BV48: true | BY48: false
A49: WEAPON_RANGE | B49: false | C49: real | F49: 600.0 | I49: 550.0 | M49: 125.0 | N49: 125.0 | O49: 125.0 | P49: 500.0 | R49: 125.0 | S49: 125.0 | U49: 550.0 | V49: 550.0 | X49: 550.0 | Z49: 550.0 | AA49: 125.0 | AB49: 575.0 | AD49: 100.0 | AI49: 500.0 | AK49: 550.0 | AL49: 125.0 | AP49: 100.0 | AS49: 550.0 | AV49: 125.0 | AY49: 650.0 | BA49: 125.0 | BD49: 125.0 | BJ49: 530.0 | BK49: 525.0 | BO49: 545.0 | BT49: 500.0 | BU49: 575.0 | BV49: 755.0 | BY49: 250.0
A50: WEAPON_DELAY | B50: false | C50: real | F50: 0.5 | I50: 1.5 | M50: 1.5 | N50: 1.5 | O50: 1.5 | P50: 1.25 | R50: 1.5 | S50: 1.5 | U50: 1.25 | V50: 1.35 | X50: 1.25 | Z50: 1.5 | AA50: 1.5 | AB50: 1.5 | AD50: 1.0 | AI50: 1.5 | AK50: 1.5 | AL50: 1.5 | AP50: 1.5 | AS50: 1.0 | AV50: 1.5 | AY50: 2.0 | BA50: 1.5 | BD50: 1.0 | BJ50: 1.5 | BK50: 1.5 | BO50: 1.5 | BT50: 0.25 | BU50: 1.4 | BV50: 1.5 | BY50: 1.5
A51: WEAPON_CAN_ATTACK_ALLY | B51: false | C51: boolean | F51: false | I51: true | M51: false | N51: false | O51: false | P51: false | R51: false | S51: false | U51: false | V51: false | X51: false | Z51: false | AA51: false | AB51: false | AD51: false | AI51: false | AK51: false | AL51: false | AP51: false | AS51: false | AV51: false | AY51: false | BA51: false | BD51: false | BJ51: false | BK51: false | BO51: false | BT51: false | BU51: false | BV51: false | BY51: false
A52: WEAPON_CANT_ATTACK_ENEMY | B52: false | C52: boolean | F52: false | I52: false | M52: false | N52: false | O52: false | P52: false | R52: false | S52: false | U52: false | V52: false | X52: false | Z52: false | AA52: false | AB52: false | AD52: false | AI52: false | AK52: false | AL52: false | AP52: false | AS52: false | AV52: false | AY52: false | BA52: false | BD52: false | BJ52: false | BK52: false | BO52: false | BT52: false | BU52: false | BV52: false | BY52: false
A53: DAMAGE_BASE | B53: false | C53: real | AE53: 0.1 | AF53: 0.1 | AG53: 0.15
A54: DAMAGE_PRIMARY | B54: false | C54: real | D54: 1.33 | BJ54: 0.75 | BU54: 0.2
A55: DAMAGE_SECONDARY | B55: false | C55: real | L55: 0.15 | AP55: 3.0 | BJ55: 0.4 | BU55: 1 | BY55: 1.5 | CA55: 0.3
A56: DAMAGE_PER_LEVEL | B56: false | C56: real | D56: 0.06 | E56: 0.06 | F56: 0.06 | G56: 0.06 | H56: 0.06 | I56: 0.06 | J56: 0.1 | K56: 0.06 | L56: 0.06 | M56: 0.06 | N56: 0.06 | O56: 0.06 | P56: 0.06 | R56: 0.06 | S56: 0.06 | T56: 0.06 | U56: 0.06 | V56: 0.06 | W56: 0.06 | X56: 0.06 | Z56: 0.06 | AA56: 0.06 | AB56: 0.06 | AC56: 0.06 | AD56: 0.06 | AE56: 0.01 | AF56: 0.01 | AG56: 0.01 | AH56: 0.06 | AI56: 0.06 | AJ56: 0.06 | AK56: 0.06 | AL56: 0.06 | AP56: 0.06 | AR56: 0.07 | AS56: 0.07 | AT56: 0.07 | AU56: 0.07 | AV56: 0.07 | AX56: 0.07 | BA56: 0.07 | BC56: 0.07 | BD56: 0.07 | BJ56: 0.07 | BK56: 0.07 | BN56: 0.07 | BO56: 0.07 | BP56: 0.07 | BQ56: 0.07 | BR56: 0.08 | BS56: 0.08 | BT56: 0.08 | BU56: 0.08 | BV56: 0.08 | BX56: 0.08 | BY56: 0.08 | BZ56: 0.08 | CA56: 0.09 | CB56: 0.09 | CC56: 0.1 | CD56: 0.1
A57: DAMAGE_AMPLIFIER1 | B57: false | C57: real | D57: 1.5 | E57: 2.25 | F57: 2.25 | G57: 2.25 | H57: 1.55 | I57: 0.02 | K57: 1.25 | L57: 1.68 | M57: 0.85 | N57: 1.15 | O57: 0.65 | P57: 1.1 | R57: 1.0 | S57: 0.65 | T57: 0.5 | U57: 0.5 | V57: 0.4 | W57: 0.0375 | X57: 1.1 | Z57: 0.65 | AA57: 0.55 | AB57: 1.0 | AC57: 0.075 | AD57: 0.7 | AH57: 2.0 | AI57: 1.05 | AJ57: 1.55 | AK57: 1.0 | AL57: 0.75 | AP57: 1.1 | AR57: 0.3 | AS57: 0.6 | AT57: 2.65 | AU57: 0.15 | AV57: 1.2 | AX57: 0.1175 | BA57: 1.05 | BC57: 1.8 | BD57: 0.7 | BJ57: 1.1 | BK57: 1.25 | BN57: 0.75 | BO57: 1.25 | BP57: 0.2 | BQ57: 1.25 | BR57: 0.45 | BS57: 0.1 | BT57: 0.2 | BU57: 1.3 | BV57: 1.57 | BX57: 2.85 | BY57: 0.65 | BZ57: 1.75 | CA57: 1.25 | CB57: 3.75 | CC57: 0.67 | CD57: 0.55
A58: DAMAGE_AMPLIFIER2 | B58: false | C58: real | F58: 1.0 | H58: 0.85 | I58: 0.7 | K58: 0.35 | M58: 0.015 | O58: 0.0275 | R58: 0.2 | S58: 0.3 | W58: 0.075 | Z58: 0.35 | AA58: 0.55 | AL58: 0.01 | AU58: 0.05 | BA58: 0.1 | BC58: 0.03 | BD58: 0.3 | BO58: 0.3 | BP58: 0.2 | BT58: 0.75 | BY58: 0.55 | BZ58: 0.75
A59: DAMAGE_AMPLIFIER3 | B59: false | C59: real
A60: DAMAGE_AMPLIFIER4 | B60: false | C60: real
A61: DAMAGE_STAT1 | B61: false | C61: enum | D61: STAT_DEFENSE | E61: STAT_MAGICPOWER | F61: STAT_ATTACK | G61: STAT_MAGICPOWER | H61: STAT_MAGICPOWER | I61: STAT_MAXHP | K61: STAT_ATTACK | L61: STAT_ATTACK | M61: STAT_ATTACK | N61: STAT_ATTACK | O61: STAT_ATTACK | P61: STAT_ATTACK | R61: STAT_ATTACK | S61: STAT_ATTACK | T61: STAT_ACCURACY | U61: STAT_ATTACK | V61: STAT_ATTACK | W61: STAT_MAXHP | X61: STAT_ATTACK | Z61: STAT_MAGICPOWER | AA61: STAT_ATTACK | AB61: STAT_LUCK | AC61: STAT_MAXHP | AD61: STAT_ATTACK | AH61: STAT_ATTACK | AI61: STAT_ATTACK | AJ61: STAT_ATTACK | AK61: STAT_MAGICPOWER | AL61: STAT_ATTACK | AP61: STAT_ATTACK | AR61: STAT_ATTACK | AS61: STAT_ATTACK | AT61: STAT_MAGICPOWER | AU61: STAT_ATTACK | AV61: STAT_ATTACK | AX61: STAT_MAXHP | AY61: STAT_ATTACK | BA61: STAT_ATTACK | BC61: STAT_ATTACK | BD61: STAT_ATTACK | BJ61: STAT_ATTACK | BK61: STAT_ATTACK | BN61: STAT_ACCURACY | BO61: STAT_ATTACK | BP61: STAT_MAGICPOWER | BQ61: STAT_HPREGEN | BR61: STAT_ATTACK | BS61: STAT_MAGICPOWER | BT61: STAT_MAGICPOWER | BU61: STAT_MAGICPOWER | BV61: STAT_ATTACK | BX61: STAT_ATTACK | BY61: STAT_ATTACK | BZ61: STAT_ATTACK | CA61: STAT_ATTACK | CB61: STAT_MAGICPOWER | CC61: STAT_MAGICPOWER | CD61: STAT_ATTACK
A62: DAMAGE_STAT2 | B62: false | C62: enum | F62: STAT_ATTACK_SPEED | H62: STAT_ACCURACY | I62: STAT_MAGICPOWER | K62: STAT_ACCURACY | M62: STAT_MAXHP | O62: STAT_MAXHP | R62: STAT_DEFENSE | S62: STAT_MAGICPOWER | W62: STAT_MAXMP | Z62: STAT_ACCURACY | AA62: STAT_MAGICPOWER | AK62: STAT_MAGICPOWER | AL62: STAT_MAXHP | AS62: STAT_LUCK | AU62: STAT_ACCURACY | AY62: STAT_ATTACK_SPEED | BA62: STAT_ACCURACY | BC62: STAT_MAXHP | BD62: STAT_ACCURACY | BO62: STAT_ACCURACY | BP62: STAT_MAXHP | BT62: STAT_HPREGEN | BY62: STAT_MAGICPOWER | BZ62: STAT_ACCURACY
A63: DAMAGE_STAT3 | B63: false | C63: enum | I63: STAT_SKILL_LEVEL
A64: DAMAGE_STAT4 | B64: false | C64: enum
A65: USE_DAMAGE_FLAG | B65: false | C65: boolean | D65: true | E65: true | F65: true | G65: true | H65: true | I65: true | J65: false | K65: true | L65: true | M65: true | N65: true | O65: true | P65: true | Q65: false | R65: true | S65: true | T65: true | U65: true | V65: true | W65: true | X65: true | Y65: false | Z65: true | AA65: true | AB65: true | AC65: true | AD65: true | AE65: false | AF65: false | AG65: false | AH65: true | AI65: true | AJ65: true | AK65: true | AL65: true | AM65: false | AN65: false | AO65: false | AP65: true | AQ65: false | AR65: true | AS65: true | AT65: true | AU65: true | AV65: true | AW65: false | AX65: true | AY65: false | AZ65: false | BA65: true | BB65: false | BC65: true | BD65: true | BE65: false | BF65: false | BG65: false | BH65: false | BI65: false | BJ65: true | BK65: true | BL65: false | BM65: false | BN65: true | BO65: true | BP65: false | BQ65: true | BR65: true | BS65: true | BT65: true | BU65: true | BV65: true | BW65: false | BX65: true | BY65: true | BZ65: true | CA65: true | CB65: true | CC65: true | CD65: true | CE65: false | CF65: false | CG65: false | CH65: false | CI65: false | CJ65: false | CK65: false | CL65: false | CM65: false
A66: DAMAGE_TYPE | B66: false | C66: enum | D66: DAMAGE_PHYSICAL | E66: DAMAGE_MAGICAL | F66: DAMAGE_PHYSICAL | G66: DAMAGE_MAGICAL | H66: DAMAGE_MAGICAL | I66: DAMAGE_MAGICAL | K66: DAMAGE_PHYSICAL | L66: DAMAGE_PHYSICAL | M66: DAMAGE_PHYSICAL | N66: DAMAGE_PHYSICAL | O66: DAMAGE_PHYSICAL | P66: DAMAGE_PHYSICAL | R66: DAMAGE_PHYSICAL | S66: DAMAGE_PHYSICAL | T66: DAMAGE_PHYSICAL | U66: DAMAGE_PHYSICAL | V66: DAMAGE_PHYSICAL | W66: DAMAGE_MAGICAL | X66: DAMAGE_PHYSICAL | Z66: DAMAGE_MAGICAL | AA66: DAMAGE_PHYSICAL | AB66: DAMAGE_PHYSICAL | AC66: DAMAGE_PHYSICAL | AD66: DAMAGE_PHYSICAL | AH66: DAMAGE_PHYSICAL | AI66: DAMAGE_PHYSICAL | AJ66: DAMAGE_PHYSICAL | AK66: DAMAGE_MAGICAL | AL66: DAMAGE_PHYSICAL | AP66: DAMAGE_PHYSICAL | AR66: DAMAGE_PHYSICAL | AS66: DAMAGE_UNDEFINED | AT66: DAMAGE_MAGICAL | AU66: DAMAGE_PHYSICAL | AV66: DAMAGE_PHYSICAL | AX66: DAMAGE_PHYSICAL | BA66: DAMAGE_PHYSICAL | BC66: DAMAGE_PHYSICAL | BD66: DAMAGE_PHYSICAL | BJ66: DAMAGE_PHYSICAL | BK66: DAMAGE_PHYSICAL | BN66: DAMAGE_PHYSICAL | BO66: DAMAGE_PHYSICAL | BQ66: DAMAGE_MAGICAL | BR66: DAMAGE_PHYSICAL | BS66: DAMAGE_MAGICAL | BT66: DAMAGE_MAGICAL | BU66: DAMAGE_MAGICAL | BV66: DAMAGE_PHYSICAL | BX66: DAMAGE_PHYSICAL | BY66: DAMAGE_MAGICAL | BZ66: DAMAGE_PHYSICAL | CA66: DAMAGE_PHYSICAL | CB66: DAMAGE_MAGICAL | CC66: DAMAGE_MAGICAL | CD66: DAMAGE_PHYSICAL
A67: ATTACK_TYPE | B67: false | C67: enum | D67: DAMAGE_SPELL | E67: DAMAGE_SPELL | F67: DAMAGE_BASIC | G67: DAMAGE_SPELL | H67: DAMAGE_SPELL | I67: DAMAGE_BASIC | K67: DAMAGE_SPELL | L67: DAMAGE_SPELL | M67: DAMAGE_BASIC | N67: DAMAGE_BASIC | O67: DAMAGE_BASIC | P67: DAMAGE_BASIC | R67: DAMAGE_BASIC | S67: DAMAGE_BASIC | T67: DAMAGE_SPELL | U67: DAMAGE_BASIC | V67: DAMAGE_BASIC | W67: DAMAGE_SPELL | X67: DAMAGE_BASIC | Z67: DAMAGE_BASIC | AA67: DAMAGE_BASIC | AB67: DAMAGE_BASIC | AC67: DAMAGE_SPELL | AD67: DAMAGE_BASIC | AH67: DAMAGE_SPELL | AI67: DAMAGE_BASIC | AJ67: DAMAGE_SPELL | AK67: DAMAGE_BASIC | AL67: DAMAGE_BASIC | AP67: DAMAGE_BASIC | AR67: DAMAGE_SPELL | AS67: DAMAGE_UNDEFINED | AT67: DAMAGE_SPELL | AU67: DAMAGE_SPELL | AV67: DAMAGE_BASIC | AX67: DAMAGE_SPELL | BA67: DAMAGE_BASIC | BC67: DAMAGE_SPELL | BD67: DAMAGE_BASIC | BJ67: DAMAGE_BASIC | BK67: DAMAGE_BASIC | BN67: DAMAGE_SPELL | BO67: DAMAGE_BASIC | BQ67: DAMAGE_ETC | BR67: DAMAGE_SPELL | BS67: DAMAGE_SPELL | BT67: DAMAGE_BASIC | BU67: DAMAGE_BASIC | BV67: DAMAGE_BASIC | BX67: DAMAGE_SPELL | BY67: DAMAGE_BASIC | BZ67: DAMAGE_SPELL | CA67: DAMAGE_SPELL | CB67: DAMAGE_SPELL | CC67: DAMAGE_SPELL | CD67: DAMAGE_SPELL
A68: INTERVAL_TYPE | B68: false | C68: enum | D68: DAMAGE_SINGLE | E68: DAMAGE_SINGLE | F68: DAMAGE_SINGLE | G68: DAMAGE_SINGLE | H68: DAMAGE_SINGLE | I68: DAMAGE_SINGLE | K68: DAMAGE_SINGLE | L68: DAMAGE_SINGLE | M68: DAMAGE_SINGLE | N68: DAMAGE_SINGLE | O68: DAMAGE_SINGLE | P68: DAMAGE_SINGLE | R68: DAMAGE_SINGLE | S68: DAMAGE_SINGLE | T68: DAMAGE_SINGLE | U68: DAMAGE_SINGLE | V68: DAMAGE_SINGLE | W68: DAMAGE_SINGLE | X68: DAMAGE_SINGLE | Z68: DAMAGE_SINGLE | AA68: DAMAGE_SINGLE | AB68: DAMAGE_SINGLE | AC68: DAMAGE_SINGLE | AD68: DAMAGE_SINGLE | AH68: DAMAGE_SINGLE | AI68: DAMAGE_SINGLE | AJ68: DAMAGE_SINGLE | AK68: DAMAGE_SINGLE | AL68: DAMAGE_SINGLE | AP68: DAMAGE_SINGLE | AR68: DAMAGE_SINGLE | AS68: DAMAGE_SINGLE | AT68: DAMAGE_SINGLE | AU68: DAMAGE_SINGLE | AV68: DAMAGE_SINGLE | AX68: DAMAGE_SINGLE | BA68: DAMAGE_SINGLE | BC68: DAMAGE_SINGLE | BD68: DAMAGE_SINGLE | BJ68: DAMAGE_SINGLE | BK68: DAMAGE_SINGLE | BN68: DAMAGE_SINGLE | BO68: DAMAGE_SINGLE | BQ68: DAMAGE_PERIODIC | BR68: DAMAGE_SINGLE | BS68: DAMAGE_SINGLE | BT68: DAMAGE_PERIODIC | BU68: DAMAGE_SINGLE | BV68: DAMAGE_SINGLE | BX68: DAMAGE_SINGLE | BY68: DAMAGE_SINGLE | BZ68: DAMAGE_SINGLE | CA68: DAMAGE_SINGLE | CB68: DAMAGE_SINGLE | CC68: DAMAGE_SINGLE | CD68: DAMAGE_SINGLE
A69: VECTOR_TYPE | B69: false | C69: enum | D69: DAMAGE_OUTTER | E69: DAMAGE_OUTTER | F69: DAMAGE_OUTTER | G69: DAMAGE_OUTTER | H69: DAMAGE_OUTTER | I69: DAMAGE_OUTTER | K69: DAMAGE_OUTTER | L69: DAMAGE_OUTTER | M69: DAMAGE_OUTTER | N69: DAMAGE_OUTTER | O69: DAMAGE_OUTTER | P69: DAMAGE_OUTTER | R69: DAMAGE_OUTTER | S69: DAMAGE_OUTTER | T69: DAMAGE_OUTTER | U69: DAMAGE_OUTTER | V69: DAMAGE_OUTTER | W69: DAMAGE_OUTTER | X69: DAMAGE_OUTTER | Z69: DAMAGE_OUTTER | AA69: DAMAGE_OUTTER | AB69: DAMAGE_OUTTER | AC69: DAMAGE_OUTTER | AD69: DAMAGE_OUTTER | AH69: DAMAGE_OUTTER | AI69: DAMAGE_OUTTER | AJ69: DAMAGE_OUTTER | AK69: DAMAGE_OUTTER | AL69: DAMAGE_OUTTER | AP69: DAMAGE_OUTTER | AR69: DAMAGE_OUTTER | AS69: DAMAGE_OUTTER | AT69: DAMAGE_OUTTER | AU69: DAMAGE_OUTTER | AV69: DAMAGE_OUTTER | AX69: DAMAGE_OUTTER | BA69: DAMAGE_OUTTER | BC69: DAMAGE_OUTTER | BD69: DAMAGE_OUTTER | BJ69: DAMAGE_OUTTER | BK69: DAMAGE_OUTTER | BN69: DAMAGE_OUTTER | BO69: DAMAGE_OUTTER | BQ69: DAMAGE_OUTTER | BR69: DAMAGE_OUTTER | BS69: DAMAGE_OUTTER | BT69: DAMAGE_INNER | BU69: DAMAGE_OUTTER | BV69: DAMAGE_OUTTER | BX69: DAMAGE_OUTTER | BY69: DAMAGE_OUTTER | BZ69: DAMAGE_OUTTER | CA69: DAMAGE_OUTTER | CB69: DAMAGE_OUTTER | CC69: DAMAGE_OUTTER | CD69: DAMAGE_OUTTER
A70: TARGET_TYPE | B70: false | C70: enum | D70: DAMAGE_NONTARGET | E70: DAMAGE_NONTARGET | F70: DAMAGE_TARGET | G70: DAMAGE_NONTARGET | H70: DAMAGE_TARGET | I70: DAMAGE_TARGET | K70: DAMAGE_NONTARGET | L70: DAMAGE_NONTARGET | M70: DAMAGE_TARGET | N70: DAMAGE_TARGET | O70: DAMAGE_TARGET | P70: DAMAGE_TARGET | R70: DAMAGE_TARGET | S70: DAMAGE_TARGET | T70: DAMAGE_NONTARGET | U70: DAMAGE_TARGET | V70: DAMAGE_TARGET | W70: DAMAGE_NONTARGET | X70: DAMAGE_TARGET | Z70: DAMAGE_TARGET | AA70: DAMAGE_TARGET | AB70: DAMAGE_TARGET | AC70: DAMAGE_NONTARGET | AD70: DAMAGE_TARGET | AH70: DAMAGE_TARGET | AI70: DAMAGE_TARGET | AJ70: DAMAGE_TARGET | AK70: DAMAGE_TARGET | AL70: DAMAGE_TARGET | AP70: DAMAGE_TARGET | AR70: DAMAGE_NONTARGET | AS70: DAMAGE_TARGET | AT70: DAMAGE_NONTARGET | AU70: DAMAGE_NONTARGET | AV70: DAMAGE_TARGET | AX70: DAMAGE_NONTARGET | BA70: DAMAGE_TARGET | BC70: DAMAGE_NONTARGET | BD70: DAMAGE_TARGET | BJ70: DAMAGE_TARGET | BK70: DAMAGE_TARGET | BN70: DAMAGE_NONTARGET | BO70: DAMAGE_TARGET | BQ70: DAMAGE_NONTARGET | BR70: DAMAGE_NONTARGET | BS70: DAMAGE_NONTARGET | BT70: DAMAGE_TARGET | BU70: DAMAGE_TARGET | BV70: DAMAGE_TARGET | BX70: DAMAGE_NONTARGET | BY70: DAMAGE_TARGET | BZ70: DAMAGE_NONTARGET | CA70: DAMAGE_NONTARGET | CB70: DAMAGE_NONTARGET | CC70: DAMAGE_NONTARGET | CD70: DAMAGE_NONTARGET
A71: AOE_TYPE | B71: false | C71: enum | D71: DAMAGE_AOE | E71: DAMAGE_NONAOE | F71: DAMAGE_NONAOE | G71: DAMAGE_AOE | H71: DAMAGE_NONAOE | I71: DAMAGE_NONAOE | K71: DAMAGE_AOE | L71: DAMAGE_NONAOE | M71: DAMAGE_NONAOE | N71: DAMAGE_NONAOE | O71: DAMAGE_NONAOE | P71: DAMAGE_NONAOE | R71: DAMAGE_NONAOE | S71: DAMAGE_NONAOE | T71: DAMAGE_NONAOE | U71: DAMAGE_NONAOE | V71: DAMAGE_NONAOE | W71: DAMAGE_AOE | X71: DAMAGE_NONAOE | Z71: DAMAGE_NONAOE | AA71: DAMAGE_NONAOE | AB71: DAMAGE_NONAOE | AC71: DAMAGE_AOE | AD71: DAMAGE_NONAOE | AH71: DAMAGE_NONAOE | AI71: DAMAGE_NONAOE | AJ71: DAMAGE_NONAOE | AK71: DAMAGE_NONAOE | AL71: DAMAGE_NONAOE | AP71: DAMAGE_NONAOE | AR71: DAMAGE_AOE | AS71: DAMAGE_NONAOE | AT71: DAMAGE_AOE | AU71: DAMAGE_NONAOE | AV71: DAMAGE_NONAOE | AX71: DAMAGE_AOE | BA71: DAMAGE_NONAOE | BC71: DAMAGE_AOE | BD71: DAMAGE_NONAOE | BJ71: DAMAGE_NONAOE | BK71: DAMAGE_NONAOE | BN71: DAMAGE_NONAOE | BO71: DAMAGE_NONAOE | BQ71: DAMAGE_AOE | BR71: DAMAGE_NONAOE | BS71: DAMAGE_AOE | BT71: DAMAGE_NONAOE | BU71: DAMAGE_NONAOE | BV71: DAMAGE_NONAOE | BX71: DAMAGE_NONAOE | BY71: DAMAGE_AOE | BZ71: DAMAGE_AOE | CA71: DAMAGE_NONAOE | CB71: DAMAGE_AOE | CC71: DAMAGE_AOE | CD71: DAMAGE_AOE
A72: ONHIT_TYPE | B72: false | C72: enum | D72: DAMAGE_ONHIT | E72: DAMAGE_ONHIT | F72: DAMAGE_ONHIT | G72: DAMAGE_ONHIT | H72: DAMAGE_ONHIT | I72: DAMAGE_ONHIT | K72: DAMAGE_ONHIT | L72: DAMAGE_ONHIT | M72: DAMAGE_ONHIT | N72: DAMAGE_ONHIT | O72: DAMAGE_ONHIT | P72: DAMAGE_ONHIT | R72: DAMAGE_ONHIT | S72: DAMAGE_ONHIT | T72: DAMAGE_ONHIT | U72: DAMAGE_ONHIT | V72: DAMAGE_ONHIT | W72: DAMAGE_ONHIT | X72: DAMAGE_ONHIT | Z72: DAMAGE_ONHIT | AA72: DAMAGE_ONHIT | AB72: DAMAGE_ONHIT | AC72: DAMAGE_ONHIT | AD72: DAMAGE_ONHIT | AH72: DAMAGE_ONHIT | AI72: DAMAGE_ONHIT | AJ72: DAMAGE_ONHIT | AK72: DAMAGE_ONHIT | AL72: DAMAGE_ONHIT | AP72: DAMAGE_ONHIT | AR72: DAMAGE_ONHIT | AS72: DAMAGE_ONHIT | AT72: DAMAGE_ONHIT | AU72: DAMAGE_ONHIT | AV72: DAMAGE_ONHIT | AX72: DAMAGE_ONHIT | BA72: DAMAGE_ONHIT | BC72: DAMAGE_ONHIT | BD72: DAMAGE_ONHIT | BJ72: DAMAGE_ONHIT | BK72: DAMAGE_ONHIT | BN72: DAMAGE_ONHIT | BO72: DAMAGE_ONHIT | BQ72: DAMAGE_NONHIT | BR72: DAMAGE_ONHIT | BS72: DAMAGE_ONHIT | BT72: DAMAGE_ONHIT | BU72: DAMAGE_ONHIT | BV72: DAMAGE_ONHIT | BX72: DAMAGE_ONHIT | BY72: DAMAGE_ONHIT | BZ72: DAMAGE_ONHIT | CA72: DAMAGE_ONHIT | CB72: DAMAGE_ONHIT | CC72: DAMAGE_ONHIT | CD72: DAMAGE_ONHIT
A73: RANGE_TYPE | B73: false | C73: enum | D73: DAMAGE_MELEE | E73: DAMAGE_RANGED | F73: DAMAGE_RANGED | G73: DAMAGE_RANGED | H73: DAMAGE_RANGED | I73: DAMAGE_RANGED | K73: DAMAGE_MELEE | L73: DAMAGE_RANGED | M73: DAMAGE_MELEE | N73: DAMAGE_MELEE | O73: DAMAGE_MELEE | P73: DAMAGE_RANGED | R73: DAMAGE_MELEE | S73: DAMAGE_MELEE | T73: DAMAGE_RANGED | U73: DAMAGE_RANGED | V73: DAMAGE_RANGED | W73: DAMAGE_RANGED | X73: DAMAGE_RANGED | Z73: DAMAGE_RANGED | AA73: DAMAGE_MELEE | AB73: DAMAGE_RANGED | AC73: DAMAGE_MELEE | AD73: DAMAGE_MELEE | AH73: DAMAGE_MELEE | AI73: DAMAGE_RANGED | AJ73: DAMAGE_MELEE | AK73: DAMAGE_RANGED | AL73: DAMAGE_MELEE | AP73: DAMAGE_MELEE | AR73: DAMAGE_MELEE | AS73: DAMAGE_RANGED | AT73: DAMAGE_RANGED | AU73: DAMAGE_RANGED | AV73: DAMAGE_MELEE | AX73: DAMAGE_MELEE | BA73: DAMAGE_MELEE | BC73: DAMAGE_MELEE | BD73: DAMAGE_MELEE | BJ73: DAMAGE_RANGED | BK73: DAMAGE_RANGED | BN73: DAMAGE_RANGED | BO73: DAMAGE_RANGED | BQ73: DAMAGE_RANGED | BR73: DAMAGE_RANGED | BS73: DAMAGE_RANGED | BT73: DAMAGE_RANGED | BU73: DAMAGE_RANGED | BV73: DAMAGE_RANGED | BX73: DAMAGE_RANGED | BY73: DAMAGE_MELEE | BZ73: DAMAGE_MELEE | CA73: DAMAGE_RANGED | CB73: DAMAGE_RANGED | CC73: DAMAGE_RANGED | CD73: DAMAGE_RANGED
A74: STAT_BONUS1 | B74: false | C74: enum | D74: STAT_DEFENSE | E74: STAT_MAGICPOWER | F74: STAT_ACCURACY | G74: STAT_MAGICPOWER | H74: STAT_MAGICPOWER | I74: STAT_MAGICPOWER | J74: STAT_EVASION | K74: STAT_ATTACK | L74: STAT_ATTACK | M74: STAT_ATTACK | N74: STAT_ATTACK | O74: STAT_ATTACK | P74: STAT_ATTACK | Q74: STAT_ATTACK | R74: STAT_ATTACK | S74: STAT_ATTACK | T74: STAT_ACCURACY | U74: STAT_ATTACK | V74: STAT_ATTACK | W74: STAT_MAXHP | X74: STAT_ATTACK | Y74: STAT_HPREGEN | Z74: STAT_MAGICPOWER | AA74: STAT_ATTACK | AB74: STAT_LUCK | AC74: STAT_MAXHP | AD74: STAT_ATTACK | AE74: STAT_ATTACK | AF74: STAT_ACCURACY | AG74: STAT_HPREGEN | AH74: STAT_ATTACK | AI74: STAT_ATTACK | AJ74: STAT_ATTACK | AK74: STAT_MAGICPOWER | AL74: STAT_ATTACK | AM74: STAT_HPREGEN | AN74: STAT_HPREGEN | AO74: STAT_LUCK | AP74: STAT_ATTACK | AQ74: STAT_ATTACK | AR74: STAT_ATTACK | AS74: STAT_ATTACK | AT74: STAT_MAGICPOWER | AU74: STAT_ATTACK | AV74: STAT_ATTACK | AW74: STAT_HPREGEN | AX74: STAT_MAXHP | AY74: STAT_ATTACK | AZ74: STAT_RESISTANCE | BA74: STAT_ATTACK | BB74: STAT_ACCURACY | BC74: STAT_ATTACK | BD74: STAT_ATTACK | BE74: STAT_ATTACK | BF74: STAT_MAXHP | BG74: STAT_RODONG | BH74: STAT_MAGICPOWER | BI74: STAT_MAXHP | BJ74: STAT_ATTACK | BK74: STAT_ATTACK | BL74: STAT_DEFENSE | BM74: STAT_ATTACK | BN74: STAT_ACCURACY | BO74: STAT_ACCURACY | BP74: STAT_MAXHP | BQ74: STAT_HPREGEN | BR74: STAT_ATTACK | BS74: STAT_MAGICPOWER | BT74: STAT_MAGICPOWER | BU74: STAT_MAGICPOWER | BV74: STAT_ATTACK | BW74: STAT_MAXHP | BX74: STAT_ATTACK | BY74: STAT_ATTACK | BZ74: STAT_ATTACK | CA74: STAT_ATTACK | CB74: STAT_MAGICPOWER | CC74: STAT_MAGICPOWER | CD74: STAT_ATTACK | CE74: STAT_LUCK | CF74: STAT_ACCURACY | CG74: STAT_ATTACK | CH74: STAT_MAXHP | CI74: STAT_SPELL_BOOST | CJ74: STAT_DEFENSE | CK74: STAT_HPREGEN | CL74: STAT_EVASION | CM74: STAT_MAGICPOWER
A75: STAT_BONUS2 | B75: false | C75: enum | D75: STAT_ARMOR_PENET | E75: STAT_MAGIC_PENET | F75: STAT_ARMOR_PENET | G75: STAT_SPELL_BOOST | H75: STAT_ACCURACY | I75: STAT_MAXHP | J75: STAT_ACCURACY | K75: STAT_ACCURACY | L75: STAT_ACCURACY | M75: STAT_MAXHP | N75: STAT_ARMOR_PENET | O75: STAT_MAXHP | P75: STAT_ARMOR_PENET | Q75: STAT_HPREGEN | R75: STAT_ARMOR_PENET | S75: STAT_MAGICPOWER | T75: STAT_EVASION | U75: STAT_ARMOR_PENET | V75: STAT_ACCURACY | W75: STAT_HPREGEN | X75: STAT_ACCURACY | Y75: STAT_RODONG | Z75: STAT_ACCURACY | AA75: STAT_MAGICPOWER | AB75: STAT_GREED | AC75: STAT_ARMOR_PENET | AD75: STAT_ACCURACY | AE75: STAT_MAXHP | AF75: STAT_ATTACK | AG75: STAT_MAXHP | AH75: STAT_ARMOR_PENET | AI75: STAT_ACCURACY | AJ75: STAT_ACCURACY | AK75: STAT_MAXMP | AL75: STAT_MAXHP | AM75: STAT_MPREGEN | AN75: STAT_MPREGEN | AO75: STAT_LOVE | AP75: STAT_HPREGEN | AQ75: STAT_HPREGEN | AR75: STAT_ARMOR_PENET | AS75: STAT_LUCK | AT75: STAT_MAGIC_PENET | AU75: STAT_ACCURACY | AV75: STAT_HPREGEN | AW75: STAT_LUCK | AX75: STAT_ARMOR_PENET | AY75: STAT_HPREGEN | AZ75: STAT_ATTACK | BA75: STAT_ACCURACY | BB75: STAT_ARMOR_PENET | BC75: STAT_MAXHP | BD75: STAT_ACCURACY | BE75: STAT_ARMOR_PENET | BF75: STAT_MAXMP | BG75: STAT_HPREGEN | BH75: STAT_ACCURACY | BI75: STAT_HPREGEN | BJ75: STAT_ACCURACY | BK75: STAT_ARMOR_PENET | BL75: STAT_RESISTANCE | BM75: STAT_MAXHP | BN75: STAT_ATTACK | BO75: STAT_ATTACK | BP75: STAT_MAGICPOWER | BQ75: STAT_RESISTANCE | BR75: STAT_ACCURACY | BS75: STAT_MPREGEN | BT75: STAT_HPREGEN | BU75: STAT_ACCURACY | BV75: STAT_ACCURACY | BW75: STAT_EVASION | BX75: STAT_ARMOR_PENET | BY75: STAT_MAGICPOWER | BZ75: STAT_ACCURACY | CA75: STAT_SPELL_BOOST | CB75: STAT_MAXMP | CC75: STAT_MAGIC_PENET | CD75: STAT_MAXMP | CE75: STAT_HPREGEN | CF75: STAT_EVASION | CG75: STAT_EVASION | CH75: STAT_MAXMP | CI75: STAT_MPREGEN | CJ75: STAT_RESISTANCE | CK75: STAT_MAGICPOWER | CL75: STAT_MAXHP | CM75: STAT_RESISTANCE
A76: DATA_REAL1 | B76: false | C76: real | I76: 0.01 | K76: 24.0 | Q76: 5.0 | S76: 10.0 | W76: 0.12 | Y76: 0.1 | AB76: 0.1 | AK76: 0.2 | AS76: 0.25 | AT76: 1.25 | AY76: 0.2 | BD76: 0.25 | BG76: 0.25 | BO76: 0.25 | BP76: 0.66 | BS76: 0.2 | BT76: 0.4 | BU76: 400.0 | BV76: 600.0 | BX76: 0.2 | BZ76: 26.0 | CC76: 0.5
A77: DATA_REAL2 | B77: false | C77: real | I77: 0.3 | S77: 2.0 | Y77: 0.5 | AB77: 300.0 | AS77: 255.0 | AY77: 0.02 | BD77: 200.0 | BO77: 166.0 | BT77: 0.5 | BV77: 575.0 | BX77: 0.5
A78: DATA_REAL3 | B78: false | C78: real | I78: 4 | S78: 3.5 | AY78: 0.5 | BD78: 0.33 | BO78: 0.33 | BV78: 2000.0 | BX78: 155.0
A79: DATA_REAL4 | B79: false | C79: real | AY79: 0.25
A80: DATA_REAL5 | B80: false | C80: real | AY80: 2.5
A81: DATA_REAL6 | B81: false | C81: real
A82: DATA_REAL7 | B82: false | C82: real
A83: DATA_REAL8 | B83: false | C83: real
A84: DATA_REAL9 | B84: false | C84: real
A85: DATA_REAL10 | B85: false | C85: real
A86: DATA_INTEGER1 | B86: false | C86: integer | AB86: 1 | AO86: 10 | BS86: 15 | BT86: 10 | BW86: 110 | CD86: 20
A87: DATA_INTEGER2 | B87: false | C87: integer | AO87: 2 | BT87: 3
A88: DATA_INTEGER3 | B88: false | C88: integer
A89: DATA_INTEGER4 | B89: false | C89: integer
A90: DATA_INTEGER5 | B90: false | C90: integer
A91: DATA_INTEGER6 | B91: false | C91: integer
A92: DATA_INTEGER7 | B92: false | C92: integer
A93: DATA_INTEGER8 | B93: false | C93: integer
A94: DATA_INTEGER9 | B94: false | C94: integer
A95: DATA_INTEGER10 | B95: false | C95: integer
A96: DATA_BOOLEAN1 | B96: false | C96: boolean
A97: DATA_BOOLEAN2 | B97: false | C97: boolean
A98: DATA_BOOLEAN3 | B98: false | C98: boolean
A99: DATA_BOOLEAN4 | B99: false | C99: boolean
... A105: DATA_BOOLEAN10 | B105: false | C105: boolean
...

Sheet AbilityMix
A1: ID1 | B1: NAME1 | C1: ="+" -> + | D1: ID2 | E1: NAME2 | F1: ="=" -> = | G1: RESULT | H1: NAME
A2: {=INDEX(AbilityParams!$1:$1,0,MATCH(B2,AbilityParams!$2:$2,0))} -> 10a0 | B2: 조잡한 검 | C2: ="+" -> + | D2: {=INDEX(AbilityParams!$1:$1,0,MATCH(E2,AbilityParams!$2:$2,0))} -> 1030 | E2: 화염구 | F2: ="=" -> = | G2: {=INDEX(AbilityParams!$1:$1,0,MATCH(H2,AbilityParams!$2:$2,0))} -> 2070 | H2: 불붙은 시미터
A3: {=INDEX(AbilityParams!$1:$1,0,MATCH(B3,AbilityParams!$2:$2,0))} -> 10p0 | B3: 돌진 | C3: ="+" -> + | D3: {=INDEX(AbilityParams!$1:$1,0,MATCH(E3,AbilityParams!$2:$2,0))} -> 10e0 | E3: 박치기 | F3: ="=" -> = | G3: {=INDEX(AbilityParams!$1:$1,0,MATCH(H3,AbilityParams!$2:$2,0))} -> 2090 | H3: 돌진 v2
A4: {=INDEX(AbilityParams!$1:$1,0,MATCH(B4,AbilityParams!$2:$2,0))} -> 10s0 | B4: 날카로운 갈고리 | C4: ="+" -> + | D4: {=INDEX(AbilityParams!$1:$1,0,MATCH(E4,AbilityParams!$2:$2,0))} -> 1080 | E4: 다중사격 | F4: ="=" -> = | G4: {=INDEX(AbilityParams!$1:$1,0,MATCH(H4,AbilityParams!$2:$2,0))} -> 2060 | H4: 수리검 투척
A5: {=INDEX(AbilityParams!$1:$1,0,MATCH(B5,AbilityParams!$2:$2,0))} -> 10s0 | B5: 날카로운 갈고리 | C5: ="+" -> + | D5: {=INDEX(AbilityParams!$1:$1,0,MATCH(E5,AbilityParams!$2:$2,0))} -> 10a0 | E5: 조잡한 검 | F5: ="=" -> = | G5: {=INDEX(AbilityParams!$1:$1,0,MATCH(H5,AbilityParams!$2:$2,0))} -> 2030 | H5: 칼날바람
A6: {=INDEX(AbilityParams!$1:$1,0,MATCH(B6,AbilityParams!$2:$2,0))} -> 10q0 | B6: 단검 | C6: ="+" -> + | D6: {=INDEX(AbilityParams!$1:$1,0,MATCH(E6,AbilityParams!$2:$2,0))} -> 10w0 | E6: 치고 빠지기 | F6: ="=" -> = | G6: {=INDEX(AbilityParams!$1:$1,0,MATCH(H6,AbilityParams!$2:$2,0))} -> 20f0 | H6: 악령의 칼날
A7: {=INDEX(AbilityParams!$1:$1,0,MATCH(B7,AbilityParams!$2:$2,0))} -> 10p0 | B7: 돌진 | C7: ="+" -> + | D7: {=INDEX(AbilityParams!$1:$1,0,MATCH(E7,AbilityParams!$2:$2,0))} -> 10b0 | E7: 짓밟기 | F7: ="=" -> = | G7: {=INDEX(AbilityParams!$1:$1,0,MATCH(H7,AbilityParams!$2:$2,0))} -> 20e0 | H7: 도약강타
A8: {=INDEX(AbilityParams!$1:$1,0,MATCH(B8,AbilityParams!$2:$2,0))} -> 10i0 | B8: 가우스 라이플 | C8: ="+" -> + | D8: {=INDEX(AbilityParams!$1:$1,0,MATCH(E8,AbilityParams!$2:$2,0))} -> 2060 | E8: 수리검 투척 | F8: ="=" -> = | G8: {=INDEX(AbilityParams!$1:$1,0,MATCH(H8,AbilityParams!$2:$2,0))} -> 3000 | H8: 기관총 난사
A9: {=INDEX(AbilityParams!$1:$1,0,MATCH(B9,AbilityParams!$2:$2,0))} -> 1020 | B9: 구식 저격총 | C9: ="+" -> + | D9: {=INDEX(AbilityParams!$1:$1,0,MATCH(E9,AbilityParams!$2:$2,0))} -> 2060 | E9: 수리검 투척 | F9: ="=" -> = | G9: {=INDEX(AbilityParams!$1:$1,0,MATCH(H9,AbilityParams!$2:$2,0))} -> 3000 | H9: 기관총 난사
A10: {=INDEX(AbilityParams!$1:$1,0,MATCH(B10,AbilityParams!$2:$2,0))} -> 10r0 | B10: 힘의 장갑 | C10: ="+" -> + | D10: {=INDEX(AbilityParams!$1:$1,0,MATCH(E10,AbilityParams!$2:$2,0))} -> 20m0 | E10: 투창 | F10: ="=" -> = | G10: {=INDEX(AbilityParams!$1:$1,0,MATCH(H10,AbilityParams!$2:$2,0))} -> 3060 | H10: 갈고리 던지기
A11: {=INDEX(AbilityParams!$1:$1,0,MATCH(B11,AbilityParams!$2:$2,0))} -> 1070 | B11: 순보 | C11: + | D11: {=INDEX(AbilityParams!$1:$1,0,MATCH(E11,AbilityParams!$2:$2,0))} -> 20f0 | E11: 악령의 칼날 | F11: ="=" -> = | G11: {=INDEX(AbilityParams!$1:$1,0,MATCH(H11,AbilityParams!$2:$2,0))} -> 3080 | H11: 순보 v2
A12: {=INDEX(AbilityParams!$1:$1,0,MATCH(B12,AbilityParams!$2:$2,0))} -> 3000 | B12: 기관총 난사 | C12: ="+" -> + | D12: {=INDEX(AbilityParams!$1:$1,0,MATCH(E12,AbilityParams!$2:$2,0))} -> 1030 | E12: 화염구 | F12: ="=" -> = | G12: {=INDEX(AbilityParams!$1:$1,0,MATCH(H12,AbilityParams!$2:$2,0))} -> 4000 | H12: 미사일 컨테이너

Sheet AbilityTable
A1: index | B1: abilityId | C1: name | D1: enabled | E1: initialWeight
A2: ENUM_ABILITY_TABLE_TIER_1 | B2: {=INDEX(AbilityParams!$1:$1,0,MATCH(C2,AbilityParams!$2:$2,0))} -> 1000 | C2: 방패 밀어치기 | D2: FALSE | E2: 1
A3: ENUM_ABILITY_TABLE_TIER_1 | B3: {=INDEX(AbilityParams!$1:$1,0,MATCH(C3,AbilityParams!$2:$2,0))} -> 1010 | C3: 쌍극의 번개 | D3: FALSE | E3: 1
A4: ENUM_ABILITY_TABLE_TIER_1 | B4: {=INDEX(AbilityParams!$1:$1,0,MATCH(C4,AbilityParams!$2:$2,0))} -> 1020 | C4: 구식 저격총 | D4: FALSE | E4: 1
A5: ENUM_ABILITY_TABLE_TIER_1 | B5: {=INDEX(AbilityParams!$1:$1,0,MATCH(C5,AbilityParams!$2:$2,0))} -> 1030 | C5: 화염구 | D5: FALSE | E5: 1
A6: ENUM_ABILITY_TABLE_TIER_1 | B6: {=INDEX(AbilityParams!$1:$1,0,MATCH(C6,AbilityParams!$2:$2,0))} -> 1040 | C6: 연쇄번개 | D6: FALSE | E6: 1
A7: ENUM_ABILITY_TABLE_TIER_1 | B7: {=INDEX(AbilityParams!$1:$1,0,MATCH(C7,AbilityParams!$2:$2,0))} -> 1050 | C7: 신성의 빛 | D7: TRUE | E7: 1
A8: ENUM_ABILITY_TABLE_TIER_1 | B8: {=INDEX(AbilityParams!$1:$1,0,MATCH(C8,AbilityParams!$2:$2,0))} -> 1060 | C8: 점멸 | D8: FALSE | E8: 1
A9: ENUM_ABILITY_TABLE_TIER_1 | B9: {=INDEX(AbilityParams!$1:$1,0,MATCH(C9,AbilityParams!$2:$2,0))} -> 1070 | C9: 순보 | D9: FALSE | E9: 1
A10: ENUM_ABILITY_TABLE_TIER_1 | B10: {=INDEX(AbilityParams!$1:$1,0,MATCH(C10,AbilityParams!$2:$2,0))} -> 1080 | C10: 다중사격 | D10: FALSE | E10: 1
A11: ENUM_ABILITY_TABLE_TIER_1 | B11: {=INDEX(AbilityParams!$1:$1,0,MATCH(C11,AbilityParams!$2:$2,0))} -> 1090 | C11: 곤봉 | D11: TRUE | E11: 1
A12: ENUM_ABILITY_TABLE_TIER_1 | B12: {=INDEX(AbilityParams!$1:$1,0,MATCH(C12,AbilityParams!$2:$2,0))} -> 10a0 | C12: 조잡한 검 | D12: TRUE | E12: 1
A13: ENUM_ABILITY_TABLE_TIER_1 | B13: {=INDEX(AbilityParams!$1:$1,0,MATCH(C13,AbilityParams!$2:$2,0))} -> 10b0 | C13: 짓밟기 | D13: FALSE | E13: 1
... A75: ENUM_ABILITY_TABLE_TIER_5 | B75: {=INDEX(AbilityParams!$1:$1,0,MATCH(C75,AbilityParams!$2:$2,0))} -> 5010 | C75: 종막: 이스보셋 | D75: TRUE | E75: 1

Sheet AbilityTooltips
A1: {=INDEX(AbilityParams!$1:$1,0,MATCH(B1,AbilityParams!$2:$2,0))} -> 1000 | B1: 방패 밀어치기 | C1: 지정한 방향으로 약진하여 충돌하는 대상과 대상 주변의 적들에게 <cstring:DAMAGE_COLOR,DAMAGE_TYPE/><real:2,2><prop:DAMAGE_AMPLIFIER1/>*<statValue:DAMAGE_STAT1/>*(1+<prop:DAMAGE_PER_LEVEL/>*<skillLevel/>)</real>|r<shift:DAMAGE_STAT1/>의 피해를 입히고 밀쳐냅니다. 가장 가까운 적에게는 <cstring:STAT_COLOR,$STAT_CONSTANT/><percent:DAMAGE_PRIMARY/>|r의 피해를 입힙니다.
A2: {=INDEX(AbilityParams!$1:$1,0,MATCH(B2,AbilityParams!$2:$2,0))} -> 1010 | B2: 쌍극의 번개 | C2: 지정 범위 내의 적들에게 <cstring:DAMAGE_COLOR,DAMAGE_TYPE/><real:2,2><prop:DAMAGE_AMPLIFIER1/>*<statValue:DAMAGE_STAT1/>*(1+<prop:DAMAGE_PER_LEVEL/>*<skillLevel/>)</real>|r<shift:DAMAGE_STAT1/>의 피해를 입힙니다.
A3: {=INDEX(AbilityParams!$1:$1,0,MATCH(B3,AbilityParams!$2:$2,0))} -> 1020 | B3: 구식 저격총 | C3: <cstring:STAT_COLOR,$STAT_CONSTANT/><second:DELAY/>|r 동안 정신집중 후 대상에게 <cstring:DAMAGE_COLOR,DAMAGE_TYPE/><real:2,2><prop:DAMAGE_AMPLIFIER1/>*<statValue:DAMAGE_STAT1/>*<statValue:DAMAGE_STAT2/>*(1+<prop:DAMAGE_PER_LEVEL/>*<skillLevel/>)</real>|r<shift:DAMAGE_STAT1/>의 피해를 입힙니다.<br/><br/><cstring:STAT_COLOR,#999999/>고정된 공격속도를 가집니다.|r
A4: {=INDEX(AbilityParams!$1:$1,0,MATCH(B4,AbilityParams!$2:$2,0))} -> 1030 | B4: 화염구 | C4: 지정한 방향으로 화염구를 발사하여 처음 적중한 대상과 주변의 적들에게 <cstring:DAMAGE_COLOR,DAMAGE_TYPE/><real:2,2><prop:DAMAGE_AMPLIFIER1/>*<statValue:DAMAGE_STAT1/>*(1+<prop:DAMAGE_PER_LEVEL/>*<skillLevel/>)</real>|r<shift:DAMAGE_STAT1/>의 피해를 입힙니다.
A5: {=INDEX(AbilityParams!$1:$1,0,MATCH(B5,AbilityParams!$2:$2,0))} -> 1040 | B5: 연쇄번개 | C5: 대상을 포함한 최대 <cstring:STAT_COLOR,$STAT_CONSTANT/><propString:TARGET_MAX/>기|r의 적들에게 <cstring:DAMAGE_COLOR,DAMAGE_TYPE/><real:2,2><prop:DAMAGE_AMPLIFIER1/>*<statValue:DAMAGE_STAT1/>*(1+<prop:DAMAGE_PER_LEVEL/>*<skillLevel/>)</real>|r<shift:DAMAGE_STAT1/>의 피해를 입힙니다.<br/>첫 대상에게는 피해량이 <cstring:DAMAGE_COLOR,DAMAGE_STAT2/><real:2,2><prop:DAMAGE_AMPLIFIER2/>*<statValue:DAMAGE_STAT2/>*(1+<prop:DAMAGE_PER_LEVEL/>*<skillLevel/>)</real>|r<shift:DAMAGE_STAT2/> 증가합니다.
A6: {=INDEX(AbilityParams!$1:$1,0,MATCH(B6,AbilityParams!$2:$2,0))} -> 1050 | B6: 신성의 빛 | C6: 대상의 <cstring:STAT_COLOR,$STAT_HP/><cstring:STAT_NAME,$STAT_HP/>을 <real:2,2>(<prop:DATA_REAL1/>*<statValue:DAMAGE_STAT1/>+<prop:DATA_REAL2/>*<statValue:DAMAGE_STAT2/>)*(1+<prop:DAMAGE_PER_LEVEL/>*<skillLevel/>)+(<prop:DATA_REAL3/>*<heroLevel/>)</real>|r<shift:DAMAGE_STAT1/><shift:DAMAGE_STAT2/><shift:DAMAGE_STAT3/> 회복시킵니다.
A7: {=INDEX(AbilityParams!$1:$1,0,MATCH(B7,AbilityParams!$2:$2,0))} -> 1060 | B7: 점멸 | C7: 선택한 지점으로 순간이동 합니다.<br/><br/> - 다른 행동 중에도 사용할 수 있습니다.<br/> - 스킬 레벨에 비례해 재사용 대기시간이 감소합니다.<br/> - <cstring:STATUS_COLOR,$STATUS_RIDING/><cstring:STATUS_NAME,$STATUS_RIDING/>|r 상태에서 사용 시 해당 <cstring:STATUS_COLOR,$STATUS_RIDING/><cstring:STATUS_NAME,$STATUS_RIDING/>|r 효과가 취소됩니다.
A8: {=INDEX(AbilityParams!$1:$1,0,MATCH(B8,AbilityParams!$2:$2,0))} -> 1070 | B8: 순보 | C8: 지정한 위치로 순간이동한 뒤 경로상의 적들에게 <cstring:DAMAGE_COLOR,DAMAGE_TYPE/><real:2,2>(<prop:DAMAGE_AMPLIFIER1/>*<statValue:DAMAGE_STAT1/>+<prop:DAMAGE_AMPLIFIER2/>*<statValue:DAMAGE_STAT2/>)*(1+<prop:DAMAGE_PER_LEVEL/>*<skillLevel/>)</real>|r<shift:DAMAGE_STAT1/><shift:DAMAGE_STAT2/>의 피해를 입힙니다. 한 기 이상의 적에게 적중하면 <cstring:STAT_COLOR,$STAT_MP/><cstring:STAT_NAME,$STAT_MP/>를 <real:1,1><prop:DATA_REAL1/></real>|r 회복합니다.
A9: {=INDEX(AbilityParams!$1:$1,0,MATCH(B9,AbilityParams!$2:$2,0))} -> 1080 | B9: 다중사격 | C9: 지정한 방향으로 <cstring:STAT_COLOR,$STAT_CONSTANT/><propString:COUNT/>개|r의 화살을 일제히 발사하여 처음 맞힌 적에게 각각 <cstring:DAMAGE_COLOR,DAMAGE_TYPE/><real:2,2><prop:DAMAGE_AMPLIFIER1/>*<statValue:DAMAGE_STAT1/>*(1+<prop:DAMAGE_PER_LEVEL/>*<skillLevel/>)</real>|r<shift:DAMAGE_STAT1/>의 피해를 입힙니다. 같은 유닛에 여러 화살을 맞추는 경우 두 번째 화살부터 <cstring:STAT_COLOR,$STAT_CONSTANT/><percent:DAMAGE_SECONDARY/>|r의 피해를 입힙니다.
A10: {=INDEX(AbilityParams!$1:$1,0,MATCH(B10,AbilityParams!$2:$2,0))} -> 1090 | B10: 곤봉 | C10: 대상을 후려쳐 <cstring:DAMAGE_COLOR,DAMAGE_TYPE/><real:2,2>(<prop:DAMAGE_AMPLIFIER1/>*<statValue:DAMAGE_STAT1/>+<prop:DAMAGE_AMPLIFIER2/>*<statValue:DAMAGE_STAT2/>)*(1+<prop:DAMAGE_PER_LEVEL/>*<skillLevel/>)</real>|r<shift:DAMAGE_STAT1/><shift:DAMAGE_STAT2/>의 피해를 입힙니다.
A11: {=INDEX(AbilityParams!$1:$1,0,MATCH(B11,AbilityParams!$2:$2,0))} -> 10a0 | B11: 조잡한 검 | C11: 검을 휘둘러 대상에게 <cstring:DAMAGE_COLOR,DAMAGE_TYPE/><real:2,2><prop:DAMAGE_AMPLIFIER1/>*<statValue:DAMAGE_STAT1/>*(1+<prop:DAMAGE_PER_LEVEL/>*<skillLevel/>)</real>|r<shift:DAMAGE_STAT1/>의 피해를 입힙니다.
A12: {=INDEX(AbilityParams!$1:$1,0,MATCH(B12,AbilityParams!$2:$2,0))} -> 10b0 | B12: 짓밟기 | C12: 대상을 짓눌러 <cstring:DAMAGE_COLOR,DAMAGE_TYPE/><real:2,2>(<prop:DAMAGE_AMPLIFIER1/>*<statValue:DAMAGE_STAT1/>+<prop:DAMAGE_AMPLIFIER2/>*<statValue:DAMAGE_STAT2/>)*(1+<prop:DAMAGE_PER_LEVEL/>*<skillLevel/>)</real>|r<shift:DAMAGE_STAT1/><shift:DAMAGE_STAT2/>의 피해를 입힙니다.
... A19: {=INDEX(AbilityParams!$1:$1,0,MATCH(B19,AbilityParams!$2:$2,0))} -> 10i0 | B19: 가우스 라이플 | C19: 대상을 향해 <cstring:STAT_COLOR,$STAT_CONSTANT/>3발|r의 탄환을 발사하여 각각 처음 적중하는 적에게 <cstring:DAMAGE_COLOR,DAMAGE_TYPE/><real:2,2><prop:DAMAGE_AMPLIFIER1/>*<statValue:DAMAGE_STAT1/>*(1+<prop:DAMAGE_PER_LEVEL/>*<skillLevel/>)</real>|r<shift:DAMAGE_STAT1/>의 피해를 입힙니다.<br/><br/> - 첫 탄환만 적중 시 발생효과를 발생시킵니다.
A20: {=INDEX(AbilityParams!$1:$1,0,MATCH(B20,AbilityParams!$2:$2,0))} -> 10j0 | B20: 청록의 파동 | C20: 주변의 적들에게 <cstring:DAMAGE_COLOR,DAMAGE_TYPE/><real:2,2>(<prop:DAMAGE_AMPLIFIER1/>*<statValue:DAMAGE_STAT1/>+<prop:DAMAGE_AMPLIFIER2/>*<statValue:DAMAGE_STAT2/>)*(1+<prop:DAMAGE_PER_LEVEL/>*<skillLevel/>)</real>|r<shift:DAMAGE_STAT1/><shift:DAMAGE_STAT2/>의 피해를 입힙니다. <cstring:STATUS_COLOR,$STATUS_RIDING/><cstring:STATUS_NAME,$STATUS_RIDING/>|r 상태에서 사용 시 탑승물의 위치를 기준으로 사용합니다. | D20: <cstring:STAT_COLOR,STAT_HP_LOST/><cstring:STAT_NAME,STAT_HP_CURRENT/>의 <percent:DATA_REAL1/> 소모|r
A21: {=INDEX(AbilityParams!$1:$1,0,MATCH(B21,AbilityParams!$2:$2,0))} -> 10k0 | B21: 사냥꾼의 장궁 | C21: 대상에게 화살을 발사하여 <cstring:DAMAGE_COLOR,DAMAGE_TYPE/><real:2,2><prop:DAMAGE_AMPLIFIER1/>*<statValue:DAMAGE_STAT1/>*(1+<prop:DAMAGE_PER_LEVEL/>*<skillLevel/>)</real>|r<shift:DAMAGE_STAT1/>의 피해를 입힙니다.
A22: {=INDEX(AbilityParams!$1:$1,0,MATCH(B22,AbilityParams!$2:$2,0))} -> 10l0 | B22: 전기충격기 건설 | C22: <cstring:STAT_COLOR,$STAT_CONSTANT/>레벨 <int>1*<skillLevel/></int>|r <unitInfo:UNIT_ID1/>를 건설합니다. <propString:&(UNIT_ID1)NAME/>는 <cstring:DAMAGE_COLOR,$DAMAGE_BASIC/><cstring:DAMAGE_NAME,$DAMAGE_BASIC/>공격으로 가하는 피해가 <percent:DATA_REAL2/>|r 증가하고 <cstring:STAT_COLOR,$STAT_SUMMON_DURATION/><second:DURATION/>|r 동안 지속됩니다.<br/><br/><cstring:STAT_COLOR,#00ffff/><propString:&(UNIT_ID1)NAME/> 사용 무기 : |r<cstring:STAT_COLOR,$STAT_CONSTANT/>레벨 <int>1*<skillLevel/></int> <abilityInfo:&(UNIT_ID1)INITIAL_ABILITY1/>|r | D22: <cstring:STAT_COLOR,STAT_HP_LOST/><cstring:STAT_NAME,STAT_HP_CURRENT/>의 <percent:DATA_REAL1/> 소모|r
A23: {=INDEX(AbilityParams!$1:$1,0,MATCH(B23,AbilityParams!$2:$2,0))} -> 10m0 | B23: 전기충격 | C23: 대상을 포함한 최대 <cstring:STAT_COLOR,$STAT_CONSTANT/><propString:TARGET_MAX/>기|r의 적들에게 <cstring:DAMAGE_COLOR,DAMAGE_TYPE/><real:2,2><prop:DAMAGE_AMPLIFIER1/>*<statValue:DAMAGE_STAT1/>*(1+<prop:DAMAGE_PER_LEVEL/>*<skillLevel/>)</real>|r<shift:DAMAGE_STAT1/>의 피해를 입힙니다.<br/>첫 대상에게는 피해량이 <cstring:DAMAGE_COLOR,DAMAGE_STAT2/><real:2,2><prop:DAMAGE_AMPLIFIER2/>*<statValue:DAMAGE_STAT2/>*(1+<prop:DAMAGE_PER_LEVEL/>*<skillLevel/>)</real>|r<shift:DAMAGE_STAT2/> 증가합니다.<br/><br/>- 첫 대상에게만 적중 시 발생효과를 발생시킵니다.
A24: {=INDEX(AbilityParams!$1:$1,0,MATCH(B24,AbilityParams!$2:$2,0))} -> 10n0 | B24: 번개 발톱 | C24: 대상에게 <cstring:DAMAGE_COLOR,DAMAGE_TYPE/><real:2,2>(<prop:DAMAGE_AMPLIFIER1/>*<statValue:DAMAGE_STAT1/>+<prop:DAMAGE_AMPLIFIER2/>*<statValue:DAMAGE_STAT2/>)*(1+<prop:DAMAGE_PER_LEVEL/>*<skillLevel/>)</real>|r<shift:DAMAGE_STAT1/><shift:DAMAGE_STAT2/>의 피해를 입힙니다.
A25: {=INDEX(AbilityParams!$1:$1,0,MATCH(B25,AbilityParams!$2:$2,0))} -> 10o0 | B25: 행운의 금화 | C25: 대상에게 금화를 던져 <cstring:DAMAGE_COLOR,DAMAGE_TYPE/><real:2,2><prop:DAMAGE_AMPLIFIER1/>*<statValue:DAMAGE_STAT1/>*(1+<prop:DAMAGE_PER_LEVEL/>*<skillLevel/>)</real>|r<shift:DAMAGE_STAT1/>의 피해를 입히고 <lucky:DATA_REAL1,DATA_REAL2/> 확률로 <cstring:STAT_COLOR,$STAT_GOLD/><cstring:STAT_NAME,$STAT_GOLD/>를 <propString:DATA_INTEGER1/>|r 획득합니다.
A26: {=INDEX(AbilityParams!$1:$1,0,MATCH(B26,AbilityParams!$2:$2,0))} -> 10p0 | B26: 돌진 | C26: 지정한 방향으로 돌진하여 충돌하는 적들에게 <cstring:DAMAGE_COLOR,DAMAGE_TYPE/><real:2,2><prop:DAMAGE_AMPLIFIER1/>*<statValue:DAMAGE_STAT1/>*(1+<prop:DAMAGE_PER_LEVEL/>*<skillLevel/>)</real>|r<shift:DAMAGE_STAT1/>의 피해를 입힙니다.
A27: {=INDEX(AbilityParams!$1:$1,0,MATCH(B27,AbilityParams!$2:$2,0))} -> 10q0 | B27: 단검 | C27: 단검으로 공격해 대상에게 <cstring:DAMAGE_COLOR,DAMAGE_TYPE/><real:2,2><prop:DAMAGE_AMPLIFIER1/>*<statValue:DAMAGE_STAT1/>*(1+<prop:DAMAGE_PER_LEVEL/>*<skillLevel/>)</real>|r<shift:DAMAGE_STAT1/>의 피해를 입힙니다.
A28: {=INDEX(AbilityParams!$1:$1,0,MATCH(B28,AbilityParams!$2:$2,0))} -> 10r0 | B28: 힘의 장갑 | C28: <cstring:ABILITY_TAG_COLOR,$ABILITY_TAG_BASH/><cstring:ABILITY_TAG_NAME,$ABILITY_TAG_BASH/>|r계열 공격과 <cstring:DAMAGE_COLOR,$DAMAGE_MELEE/><cstring:DAMAGE_NAME,$DAMAGE_MELEE/>공격|r의 피해량이 <cstring:STAT_COLOR,$STAT_CONSTANT/><percent><prop:DAMAGE_BASE/>+<prop:DAMAGE_PER_LEVEL/>*<skillLevel/></percent>|r<shift:$STAT_SKILL_LEVEL/> 증가합니다.
A29: {=INDEX(AbilityParams!$1:$1,0,MATCH(B29,AbilityParams!$2:$2,0))} -> 10s0 | B29: 날카로운 갈고리 | C29: <cstring:ABILITY_TAG_COLOR,$ABILITY_TAG_SLASH/><cstring:ABILITY_TAG_NAME,$ABILITY_TAG_SLASH/>|r, <cstring:ABILITY_TAG_COLOR,$ABILITY_TAG_PIERCE/><cstring:ABILITY_TAG_NAME,$ABILITY_TAG_PIERCE/>|r계열 공격의 피해량이 <cstring:STAT_COLOR,$STAT_CONSTANT/><percent><prop:DAMAGE_BASE/>+<prop:DAMAGE_PER_LEVEL/>*<skillLevel/></percent>|r<shift:$STAT_SKILL_LEVEL/> 증가합니다.
A30: {=INDEX(AbilityParams!$1:$1,0,MATCH(B30,AbilityParams!$2:$2,0))} -> 10t0 | B30: 에메랄드 | C30: <cstring:STAT_COLOR,STAT_BONUS1/><cstring:STAT_NAME,STAT_BONUS1/>이 <percent><prop:DAMAGE_BASE/>+<prop:DAMAGE_PER_LEVEL/>*<skillLevel/></percent>|r<shift:$STAT_SKILL_LEVEL/> 증가합니다.
A31: {=INDEX(AbilityParams!$1:$1,0,MATCH(B31,AbilityParams!$2:$2,0))} -> 10u0 | B31: 뛰어들기 | C31: 대상에게 뛰어들어 <cstring:DAMAGE_COLOR,DAMAGE_TYPE/><real:2,2><prop:DAMAGE_AMPLIFIER1/>*<statValue:DAMAGE_STAT1/>*(1+<prop:DAMAGE_PER_LEVEL/>*<skillLevel/>)</real>|r<shift:DAMAGE_STAT1/>의 피해를 입힙니다.
A32: {=INDEX(AbilityParams!$1:$1,0,MATCH(B32,AbilityParams!$2:$2,0))} -> 10v0 | B32: 끈적거미 | C32: 대상에게 <cstring:DAMAGE_COLOR,DAMAGE_TYPE/><real:2,2><prop:DAMAGE_AMPLIFIER1/>*<statValue:DAMAGE_STAT1/>*(1+<prop:DAMAGE_PER_LEVEL/>*<skillLevel/>)</real>|r<shift:DAMAGE_STAT1/>의 피해를 입히는 거미뗴를 날립니다. 적중당한 대상은 <cstring:STAT_COLOR,$STAT_CONSTANT/><second:DURATION/>|r 동안 <cstring:STAT_COLOR,$STAT_ATTACK/><cstring:STAT_NAME,$STAT_ATTACK/>|r<cstring:STAT_COLOR,$STAT_ATTACK/>이 <real:2,2><prop:%(BUFF_ID1)DAMAGE_AMPLIFIER1/>*<statValue:%(BUFF_ID1)DAMAGE_STAT1/>*(1+<prop:%(BUFF_ID1)DAMAGE_PER_LEVEL/>*<skillLevel/>)</real>|r 감소하고 <cstring:STAT_COLOR,$STAT_MOVEMENT_SPEED/><cstring:STAT_NAME,$STAT_MOVEMENT_SPEED/>|r<cstring:STAT_COLOR,$STAT_MOVEMENT_SPEED/>가 <propString:%(BUFF_ID1)DATA_REAL1/>|r 감소합니다.<br/><br/> - 해당 약화효과는 중첩됩니다.
A33: {=INDEX(AbilityParams!$1:$1,0,MATCH(B33,AbilityParams!$2:$2,0))} -> 10w0 | B33: 치고 빠지기 | C33: 대상에게 달려들어 <cstring:DAMAGE_COLOR,DAMAGE_TYPE/><real:2,2><prop:DAMAGE_AMPLIFIER1/>*<statValue:DAMAGE_STAT1/>*(1+<prop:DAMAGE_PER_LEVEL/>*<skillLevel/>)</real>|r<shift:DAMAGE_STAT1/>의 피해를 입힌 뒤 다시 후퇴합니다.
A34: {=INDEX(AbilityParams!$1:$1,0,MATCH(B34,AbilityParams!$2:$2,0))} -> 10x0 | B34: 암흑의 마법봉 | C34: 대상에게 <cstring:DAMAGE_COLOR,DAMAGE_TYPE/><real:2,2><prop:DAMAGE_AMPLIFIER1/>*<statValue:DAMAGE_STAT1/>*(1+<prop:DAMAGE_PER_LEVEL/>*<skillLevel/>)</real>|r<shift:DAMAGE_STAT1/>의 피해를 입히는 투사체를 발사합니다. 적중 시 <cstring:STAT_COLOR,$STAT_MP/><cstring:STAT_NAME,$STAT_MP/>|r<cstring:STAT_COLOR,$STAT_MP/>를 <real:1,1><statValue:DAMAGE_STAT2/>*<prop:DATA_REAL1/></real>|r 회복합니다.
... A55: {=INDEX(AbilityParams!$1:$1,0,MATCH(B55,AbilityParams!$2:$2,0))} -> 20h0 | B55: 자연의 결속 | C55: 선택한 아군 유닛과 결속하여(<cstring:STATUS_COLOR,$STATUS_RIDING/><cstring:STATUS_NAME,$STATUS_RIDING/>|r 상태로 간주) 매 초 대상의 <cstring:STAT_COLOR,$STAT_HP/><cstring:STAT_NAME,$STAT_HP/>을 <real:2,2><prop:%(BUFF_ID2)DAMAGE_AMPLIFIER1/>*<statValue:%(BUFF_ID2)DAMAGE_STAT1/>*(1+<prop:%(BUFF_ID2)DAMAGE_PER_LEVEL/>*<skillLevel/>)</real>|r<shift:%(BUFF_ID2)DAMAGE_STAT1/>, <cstring:STAT_COLOR,$STAT_MP/><cstring:STAT_NAME,$STAT_MP/>를 <real:2,2><prop:%(BUFF_ID2)DAMAGE_AMPLIFIER2/>*<statValue:%(BUFF_ID2)DAMAGE_STAT2/>*(1+<prop:%(BUFF_ID2)DAMAGE_PER_LEVEL/>*<skillLevel/>)</real>|r<shift:%(BUFF_ID2)DAMAGE_STAT2/> 회복시킵니다. 대상이 플레이어 소유일 경우 우클릭으로 조종할 수 있습니다.
A56: {=INDEX(AbilityParams!$1:$1,0,MATCH(B56,AbilityParams!$2:$2,0))} -> 20i0 | B56: 정찰탑 건설 | C56: 선택한 지점에 <cstring:STAT_COLOR,$STAT_CONSTANT/>레벨 <int>1*<skillLevel/></int>|r <unitInfo:UNIT_ID1/>을 건설합니다. 최대 한 기의 아군 유닛이 내부에 들어갈 수 있습니다.(<cstring:STATUS_COLOR,$STATUS_RIDING/><cstring:STATUS_NAME,$STATUS_RIDING/>|r 상태로 간주)<br/><br/> - <propString:&(UNIT_ID1)NAME/>은 최대 한 개만 존재할 수 있습니다.<br/><br/><cstring:STAT_COLOR,#00ffff/><propString:&(UNIT_ID1)NAME/> 사용 무기 : |r<cstring:STAT_COLOR,$STAT_CONSTANT/>레벨 <int>1*<skillLevel/></int> <abilityInfo:&(UNIT_ID1)INITIAL_ABILITY1/>|r | D56: <cstring:STAT_COLOR,STAT_HP_LOST/><cstring:STAT_NAME,STAT_HP_CURRENT/>의 <percent:DATA_REAL1/> 소모|r
A57: {=INDEX(AbilityParams!$1:$1,0,MATCH(B57,AbilityParams!$2:$2,0))} -> 20j0 | B57: 늑대의 상 | C57: 늑대정령으로 변신합니다. <cstring:STAT_COLOR,$STAT_MOVEMENT_SPEED/><cstring:STAT_NAME,$STAT_MOVEMENT_SPEED/>가 <int><prop:%(BUFF_ID1)DATA_INTEGER1/></int>|r, <cstring:STAT_COLOR,$STAT_ATTACK_SPEED/><cstring:STAT_NAME,$STAT_ATTACK_SPEED/>가 <percent><prop:%(BUFF_ID1)DATA_REAL1/>+<skillLevel/>*<prop:%(BUFF_ID1)DATA_REAL2/></percent>|r 증가하며 <cstring:DAMAGE_COLOR,$DAMAGE_BASIC/><cstring:DAMAGE_NAME,$DAMAGE_MELEE/> <cstring:DAMAGE_NAME,$DAMAGE_BASIC/>공격 적중 시 피해량이 <real:2,2><prop:%(BUFF_ID1)DAMAGE_AMPLIFIER1/>*<statValue:%(BUFF_ID1)DAMAGE_STAT1/>*(1+<prop:%(BUFF_ID1)DAMAGE_PER_LEVEL/>*<skillLevel/>)</real>|r<shift:%(BUFF_ID1)DAMAGE_STAT1/> 증가하고 <cstring:STAT_COLOR,$STAT_MP/><cstring:STAT_NAME,$STAT_MP/>를 <propString:%(BUFF_ID1)DATA_INTEGER2/>|r 회복합니다. | D57: <cstring:STAT_COLOR,STAT_MP/>매 초 <cstring:STAT_NAME,STAT_MP/>소모 <propString:%(BUFF_ID1)DATA_INTEGER2/>|r
A58: {=INDEX(AbilityParams!$1:$1,0,MATCH(B58,AbilityParams!$2:$2,0))} -> 20k0 | B58: 고대 코끼리의 상 | C58: 고대 코끼리로 변신합니다. <cstring:STAT_COLOR,$STAT_MOVEMENT_SPEED/><cstring:STAT_NAME,$STAT_MOVEMENT_SPEED/>가 <int><prop:%(BUFF_ID1)DATA_INTEGER1/></int>|r, <cstring:STAT_COLOR,$STAT_MAXHP/><cstring:STAT_NAME,$STAT_MAXHP/>이 <percent:%(BUFF_ID1)DATA_REAL1/>|r 증가하며 <cstring:DAMAGE_COLOR,$DAMAGE_BASIC/><cstring:DAMAGE_NAME,$DAMAGE_MELEE/> <cstring:DAMAGE_NAME,$DAMAGE_BASIC/>공격 적중 시 피해량이 <real:2,2><prop:%(BUFF_ID1)DAMAGE_AMPLIFIER1/>*<statValue:%(BUFF_ID1)DAMAGE_STAT1/>*(1+<prop:%(BUFF_ID1)DAMAGE_PER_LEVEL/>*<skillLevel/>)</real>|r<shift:%(BUFF_ID1)DAMAGE_STAT1/> 증가합니다. | D58: <cstring:STAT_COLOR,STAT_MP/>매 초 <cstring:STAT_NAME,STAT_MP/>소모 <propString:%(BUFF_ID1)DATA_INTEGER2/>|r
A59: {=INDEX(AbilityParams!$1:$1,0,MATCH(B59,AbilityParams!$2:$2,0))} -> 20l0 | B59: 달빛 글레이브 | C59: 대상에게 글레이브를 던져 <cstring:DAMAGE_COLOR,DAMAGE_TYPE/><real:2,2><prop:DAMAGE_AMPLIFIER1/>*<statValue:DAMAGE_STAT1/>*(1+<prop:DAMAGE_PER_LEVEL/>*<skillLevel/>)</real>|r<shift:DAMAGE_STAT1/>의 피해를 입힙니다. 글레이브는 적중한 뒤 가까운 다른 대상에게 튕겨 <cstring:STAT_COLOR,$STAT_CONSTANT/>이전 피해량의 <percent:DAMAGE_PRIMARY/>|r에 해당하는 피해를 입힙니다. 튕김 횟수가 남은 상태에서 튕길 대상이 없을 경우 마지막으로 타격한 적을 한 번 더 타격하여 <cstring:STAT_COLOR,$STAT_CONSTANT/>이전 피해량의 <percent:DAMAGE_SECONDARY/>|r에 해당하는 피해를 입히고 소멸합니다.<br/><br/> - 주 대상을 포함하여 최대 <cstring:STAT_COLOR,$STAT_CONSTANT/><propString:TARGET_MAX/>기|r의 대상을 공격할 수 있습니다.
A60: {=INDEX(AbilityParams!$1:$1,0,MATCH(B60,AbilityParams!$2:$2,0))} -> 20m0 | B60: 투창 | C60: 대상에게 <cstring:DAMAGE_COLOR,DAMAGE_TYPE/><real:2,2><prop:DAMAGE_AMPLIFIER1/>*<statValue:DAMAGE_STAT1/>*(1+<prop:DAMAGE_PER_LEVEL/>*<skillLevel/>)</real>|r<shift:DAMAGE_STAT1/>의 피해를 입히는 창을 던집니다. 빈 땅을 우클릭하면 창을 던진 뒤 지정한 방향으로 짧은 거리 도약합니다.
A61: {=INDEX(AbilityParams!$1:$1,0,MATCH(B61,AbilityParams!$2:$2,0))} -> 20n0 | B61: 보강 | C61: <cstring:STAT_COLOR,$STAT_CONSTANT/><second:DURATION/>|r 동안 <cstring:STAT_COLOR,$STAT_DEFENSE/><cstring:STAT_NAME,$STAT_DEFENSE/>|r과 <cstring:STAT_COLOR,$STAT_RESISTANCE/><cstring:STAT_NAME,$STAT_RESISTANCE/>|r이 <cstring:STAT_COLOR,$STAT_CONSTANT/><percent><prop:%(BUFF_ID1)DATA_REAL1/>+<skillLevel/>*<prop:%(BUFF_ID1)DATA_REAL2/></percent>|r 증가합니다.
A62: {=INDEX(AbilityParams!$1:$1,0,MATCH(B62,AbilityParams!$2:$2,0))} -> 20o0 | B62: 광란 | C62: <cstring:STAT_COLOR,$STAT_CONSTANT/><second:DURATION/>|r 동안 <cstring:STAT_COLOR,$STAT_ATTACK_SPEED/><cstring:STAT_NAME,$STAT_ATTACK_SPEED/>가 <percent:%(BUFF_ID1)DATA_REAL1/>|r 증가하고 <cstring:DAMAGE_COLOR,$DAMAGE_BASIC/><cstring:DAMAGE_NAME,$DAMAGE_BASIC/>공격의 피해량이 <real:2,2><prop:%(BUFF_ID1)DAMAGE_AMPLIFIER1/>*<statValue:%(BUFF_ID1)DAMAGE_STAT1/>*(1+<prop:%(BUFF_ID1)DAMAGE_PER_LEVEL/>*<skillLevel/>)</real>|r<shift:%(BUFF_ID1)DAMAGE_STAT1/> 증가하는 대신 공격 시 <cstring:STAT_COLOR,$STAT_HP_LOST/><percent:%(BUFF_ID1)DATA_REAL2/>의 <cstring:STAT_NAME,$STAT_HP/>을 소모|r합니다.<br/><br/> - 해당 체력감소 효과로 <cstring:STAT_COLOR,$STAT_HP/><cstring:STAT_NAME,$STAT_HP/>이 <percent:%(BUFF_ID1)DATA_REAL3/> 미만|r으로 내려가지 않습니다.<br/> - 근접 무기 장착 시에만 사용할 수 있습니다.<br/> - 무기교체 시 강화효과가 사라집니다.
A63: {=INDEX(AbilityParams!$1:$1,0,MATCH(B63,AbilityParams!$2:$2,0))} -> 20p0 | B63: 산성 거미줄 | C63: 지정한 방향으로 거미줄을 발사하여 처음 적중하는 적에게 <cstring:DAMAGE_COLOR,DAMAGE_TYPE/><real:2,2><prop:DAMAGE_AMPLIFIER1/>*<statValue:DAMAGE_STAT1/>*(1+<prop:DAMAGE_PER_LEVEL/>*<skillLevel/>)</real>|r<shift:DAMAGE_STAT1/>의 피해를 입히고 <cstring:STAT_COLOR,$STAT_CONSTANT/><second:DURATION/>|r 동안 <cstring:STAT_COLOR,$STAT_MOVEMENT_SPEED/><cstring:STAT_NAME,$STAT_MOVEMENT_SPEED/>를 <percent:%(BUFF_ID1)DATA_REAL1/>|r, <cstring:STAT_COLOR,$STAT_DEFENSE/><cstring:STAT_NAME,$STAT_DEFENSE/>을 <real:2,2><prop:%(BUFF_ID1)DAMAGE_AMPLIFIER1/>*<statValue:%(BUFF_ID1)DAMAGE_STAT1/>*(1+<prop:%(BUFF_ID1)DAMAGE_PER_LEVEL/>*<skillLevel/>)</real>|r<shift:%(BUFF_ID1)DAMAGE_STAT1/> 감소시키며 이동기 사용을 제한합니다.
A64: {=INDEX(AbilityParams!$1:$1,0,MATCH(B64,AbilityParams!$2:$2,0))} -> 20q0 | B64: 그림자 화살 | C64: 대상에게 <cstring:DAMAGE_COLOR,DAMAGE_TYPE/><real:2,2><prop:DAMAGE_AMPLIFIER1/>*<statValue:DAMAGE_STAT1/>*(1+<prop:DAMAGE_PER_LEVEL/>*<skillLevel/>)</real>|r<shift:DAMAGE_STAT1/>의 피해를 입히는 투사체를 발사하며 적중 시 <lucky:DATA_REAL1,DATA_REAL2/> 확률로 <cstring:STAT_COLOR,$STAT_CONSTANT/>레벨 <int>1*<skillLevel/></int>|r 대상의 환영을 만들어 공격하게 합니다. 환영은 최대 <cstring:STAT_COLOR,$STAT_SUMMON_DURATION/><second:DURATION/>|r 지속됩니다.<br/><br/><cstring:STAT_COLOR,#00ffff/>환영 : |r<cstring:STAT_COLOR,$STAT_ATTACK/><real:2,2><prop:DAMAGE_AMPLIFIER2/>*<statValue:DAMAGE_STAT2/>*(1+<prop:DAMAGE_PER_LEVEL/>*<skillLevel/>)</real>|r<shift:DAMAGE_STAT2/><cstring:STAT_COLOR,$STAT_ATTACK/>의 증가된 <cstring:STAT_NAME,$STAT_ATTACK/>|r을 가지며 <cstring:STAT_COLOR,$STAT_CONSTANT/><percent:DATA_REAL3/>|r의 피해를 입힘
A65: {=INDEX(AbilityParams!$1:$1,0,MATCH(B65,AbilityParams!$2:$2,0))} -> 20r0 | B65: 해골 전사 소환 | C65: <cstring:STAT_COLOR,$STAT_SUMMON_DURATION/><second:DURATION/>|r 동안 지속되는 <cstring:STAT_COLOR,$STAT_CONSTANT/><propString:COUNT/>기|r의 <unitInfo:UNIT_ID1/>를 소환하여 지정한 방향으로 진격시킵니다. <propString:&(UNIT_ID1)NAME/>는 <cstring:STAT_COLOR,$STAT_ATTACK/><cstring:STAT_NAME,$STAT_ATTACK/>이 <real:2,2><prop:DAMAGE_AMPLIFIER1/>*<statValue:DAMAGE_STAT1/>*(1+<prop:DAMAGE_PER_LEVEL/>*<skillLevel/>)</real>|r<shift:DAMAGE_STAT1/>, <cstring:STAT_COLOR,$STAT_MAXHP/><cstring:STAT_NAME,$STAT_MAXHP/>이 <real:2,2><prop:DAMAGE_AMPLIFIER2/>*<statValue:DAMAGE_STAT2/>*(1+<prop:DAMAGE_PER_LEVEL/>*<skillLevel/>)</real>|r<shift:DAMAGE_STAT2/> 증가하고 적에게 <cstring:STAT_COLOR,$STAT_CONSTANT/><percent:DATA_REAL1/>|r의 피해를 입힙니다.<br/><br/><cstring:STAT_COLOR,#00ffff/><propString:&(UNIT_ID1)NAME/> 사용 무기 : |r<cstring:STAT_COLOR,$STAT_CONSTANT/>레벨 <int>1*<skillLevel/></int> <abilityInfo:&(UNIT_ID1)INITIAL_ABILITY1/>|r
A66: {=INDEX(AbilityParams!$1:$1,0,MATCH(B66,AbilityParams!$2:$2,0))} -> 20s0 | B66: 부패가스 | C66: 적에게 공격받으면 <cstring:STAT_COLOR,$STAT_CONSTANT/><second:INTERVAL/>|r마다 주변 적들에게 <cstring:DAMAGE_COLOR,DAMAGE_TYPE/><real:2,2><prop:DAMAGE_AMPLIFIER1/>*<statValue:DAMAGE_STAT1/>*(1+<prop:DAMAGE_PER_LEVEL/>*<skillLevel/>)</real>|r<shift:DAMAGE_STAT1/>의 피해를 입히고 <cstring:STAT_COLOR,$STAT_CONSTANT/><second:DURATION/>|r 동안 <cstring:STAT_COLOR,$STAT_HEAL_AMP/><cstring:STAT_NAME,$STAT_HEAL_AMP/>을 <percent:%(BUFF_ID1)DATA_REAL1/>|r감소시킵니다.
A67: {=INDEX(AbilityParams!$1:$1,0,MATCH(B67,AbilityParams!$2:$2,0))} -> 3000 | B67: 기관총 난사 | C67: 지정한 방향으로 <cstring:STAT_COLOR,$STAT_CONSTANT/><propString:COUNT/>발|r의 탄환을 발사하여 발 당 <cstring:DAMAGE_COLOR,DAMAGE_TYPE/><real:2,2><prop:DAMAGE_AMPLIFIER1/>*<statValue:DAMAGE_STAT1/>*(1+<prop:DAMAGE_PER_LEVEL/>*<skillLevel/>)</real>|r<shift:DAMAGE_STAT1/>의 피해를 입힙니다.<br/><br/> - 발사 간격 : <cstring:STAT_COLOR,$STAT_CONSTANT/><second:INTERVAL/>|r<br/><br/><cstring:STAT_COLOR,#999999/>사용 중에 움직일 수 있습니다.|r
A68: {=INDEX(AbilityParams!$1:$1,0,MATCH(B68,AbilityParams!$2:$2,0))} -> 3010 | B68: 감속 | C68: 지정 범위에 감속영역을 전개합니다. 범위 내의 적들은 <cstring:STAT_COLOR,$STAT_CONSTANT/><second:INTERVAL/>|r마다 <cstring:DAMAGE_COLOR,DAMAGE_TYPE/><real:2,2><prop:DAMAGE_AMPLIFIER1/>*<statValue:DAMAGE_STAT1/>*(1+<prop:DAMAGE_PER_LEVEL/>*<skillLevel/>)</real>|r<shift:DAMAGE_STAT1/>의 피해를 입고 <cstring:STAT_COLOR,$STAT_CONSTANT/><second:DURATION/>|r 동안 <cstring:STAT_COLOR,$STAT_MOVEMENT_SPEED/><cstring:STAT_NAME,$STAT_MOVEMENT_SPEED/>가 <propString:%(BUFF_ID1)DATA_INTEGER1/>|r, <cstring:STAT_COLOR,$STAT_EVASION/><cstring:STAT_NAME,$STAT_EVASION/>가 <real:2,2><prop:%(BUFF_ID1)DAMAGE_AMPLIFIER1/>*<statValue:%(BUFF_ID1)DAMAGE_STAT1/>*(1+<prop:%(BUFF_ID1)DAMAGE_PER_LEVEL/>*<skillLevel/>)</real>|r<shift:%(BUFF_ID1)DAMAGE_STAT1/> 감소합니다.<br/><br/> - 감속영역 최대 공격횟수 : <cstring:STAT_COLOR,$STAT_CONSTANT/><propString:COUNT/>회|r<br/><br/><cstring:STAT_COLOR,#999999/>해당 약화효과는 중첩됩니다.|r
A69: {=INDEX(AbilityParams!$1:$1,0,MATCH(B69,AbilityParams!$2:$2,0))} -> 3020 | B69: 착취의 보옥 | C69: 정신집중하여 <cstring:STAT_COLOR,$STAT_CONSTANT/><second:INTERVAL/>|r 마다 대상에게 <cstring:DAMAGE_COLOR,DAMAGE_TYPE/><real:2,2><prop:DAMAGE_AMPLIFIER1/>*<statValue:DAMAGE_STAT1/>*(1+<prop:DAMAGE_PER_LEVEL/>*<skillLevel/>)</real>|r<shift:DAMAGE_STAT1/>의 피해를 입히고 <cstring:STAT_COLOR,$STAT_HP/>원본 피해량의 <percent:DATA_REAL1/>에 해당하는 <cstring:STAT_NAME,$STAT_HP/>|r을 회복하며 <cstring:STAT_COLOR,$STAT_CONSTANT/>충전을 1 획득합니다.(최대 <propString:DATA_INTEGER1/>까지 획득)|r 충전이 1 이상일 때 <cstring:DAMAGE_COLOR,$DAMAGE_SPELL/><cstring:DAMAGE_NAME,$DAMAGE_SPELL/>공격|r으로 피해를 입히면 충전을 모두 소모해 소모한 충전 1당 <cstring:STAT_COLOR,$STAT_HPREGEN/>피해량을 <real:2,2><prop:DAMAGE_AMPLIFIER2/>*<statValue:DAMAGE_STAT2/>*(1+<prop:DAMAGE_PER_LEVEL/>*<skillLevel/>)</real>|r<shift:DAMAGE_STAT2/> 증가시킵니다.(최대 피해량 : <cstring:STAT_COLOR,$STAT_HPREGEN/><real:2,2><multiply:DAMAGE_AMPLIFIER2,DATA_INTEGER1/>*<statValue:DAMAGE_STAT2/>*(1+<prop:DAMAGE_PER_LEVEL/>*<skillLevel/>)</real>|r<shift:DAMAGE_STAT2/>)<br/><br/> - <cstring:STAT_COLOR,$STAT_CONSTANT/>충전|r이 최대치일 때 이 스킬의 회복량이 <cstring:STAT_COLOR,$STAT_CONSTANT/><percent:DATA_REAL2/>|r로 감소합니다.<br/> - 정신집중 후 매 <cstring:STAT_COLOR,$STAT_CONSTANT/><propString:DATA_INTEGER2/>번째|r 공격만 적중 시 발생효과를 발생시킵니다.
A70: {=INDEX(AbilityParams!$1:$1,0,MATCH(B70,AbilityParams!$2:$2,0))} -> 3030 | B70: 전격 구체 | C70: 대상에게 <cstring:DAMAGE_COLOR,DAMAGE_TYPE/><real:2,2><prop:DAMAGE_AMPLIFIER1/>*<statValue:DAMAGE_STAT1/>*(1+<prop:DAMAGE_PER_LEVEL/>*<skillLevel/>)</real>|r<shift:DAMAGE_STAT1/>의 피해를 입히는 전격 구체를 발사하고 짧은 시간동안 <cstring:STAT_COLOR,$STAT_MOVEMENT_SPEED/><cstring:STAT_NAME,$STAT_MOVEMENT_SPEED/>|r가 증가하며 공격자의 자리에 <cstring:STAT_COLOR,$STAT_CONSTANT/><second:DURATION/>|r 동안 지속되는 예비 전격 구체를 남깁니다. 이미 예비 전격 구체가 있을 경우 구체와의 거리에 비례해 <cstring:STAT_COLOR,$STAT_CONSTANT/><percent:DAMAGE_PRIMARY/>~<percent:DAMAGE_SECONDARY/>|r의 피해를 입히는 전격 구체를 추가로 발사합니다.<br/><br/> - 예비 구체와의 거리가 <cstring:STAT_COLOR,$STAT_CONSTANT/><propString:DATA_REAL1/>|r 이상일 때 최대 피해량이 적용됩니다.
... A79: {=INDEX(AbilityParams!$1:$1,0,MATCH(B79,AbilityParams!$2:$2,0))} -> 5010 | B79: 종막: 이스보셋 | C79: 지정한 방향으로 무차별 난사하여 <cstring:STAT_COLOR,$STAT_CONSTANT/><second:INTERVAL/>|r마다 범위 내의 적들에게 <cstring:DAMAGE_COLOR,DAMAGE_TYPE/><real:2,2><prop:DAMAGE_AMPLIFIER1/>*<statValue:DAMAGE_STAT1/>*(1+<prop:DAMAGE_PER_LEVEL/>*<skillLevel/>)</real>|r<shift:DAMAGE_STAT1/>의 피해를 입힙니다.<br/><br/> - 공격횟수 : <cstring:STAT_COLOR,$STAT_CONSTANT/><propString:DATA_INTEGER1/>회|r(최대 피해량 : <cstring:DAMAGE_COLOR,DAMAGE_TYPE/><real:2,2><multiply:DAMAGE_AMPLIFIER1,DATA_INTEGER1/>*<statValue:DAMAGE_STAT1/>*(1+<prop:DAMAGE_PER_LEVEL/>*<skillLevel/>)</real>|r<shift:DAMAGE_STAT1/>)
